seqId,x,y,z,population,region
HGDP00001,0.10077379307522691,0.1262466824733649,-0.32145444004107177,Brahui,South Asia
HGDP00003,0.10332593015557878,0.13077964972505135,-0.31459165494998026,Brahui,South Asia
HGDP00005,0.10092901517171429,0.13186510173944768,-0.31410214637638845,Brahui,South Asia
HGDP00007,0.10470254147565405,0.12766469027197802,-0.31733528967234503,Brahui,South Asia
HGDP00011,0.10855602265771677,0.12609285927653535,-0.31836266837213567,Brahui,South Asia
HGDP00015,0.09688878569684936,0.12677397810749982,-0.3187946271147384,Brahui,South Asia
HGDP00017,0.1027794355612831,0.1309475326947447,-0.3170805307191818,Brahui,South Asia
HGDP00019,0.1015555951442566,0.12921397013492836,-0.31655120960547733,Brahui,South Asia
HGDP00021,0.10248126931366949,0.12636392800215093,-0.31549175554056497,Brahui,South Asia
HGDP00023,0.10452606615575069,0.1279003174732051,-0.3147800997699022,Brahui,South Asia
HGDP00025,0.09742629626090227,0.12580726300334352,-0.3111905139816845,Brahui,South Asia
HGDP00027,0.10343043397113968,0.12850331788788166,-0.3145752629195055,Brahui,South Asia
HGDP00031,0.09923959546037944,0.12816247050793822,-0.3221115004605656,Brahui,South Asia
HGDP00033,0.10243976307013622,0.1286461407534763,-0.31582979870201966,Brahui,South Asia
HGDP00035,0.09959074007854818,0.12931904425299737,-0.3145068056622951,Brahui,South Asia
HGDP00037,0.10079053295834312,0.13176526037120007,-0.3174011563627633,Brahui,South Asia
HGDP00039,0.1001615725772386,0.12752893768054124,-0.3205361456049326,Brahui,South Asia
HGDP00041,0.10445982626233918,0.12574159154639486,-0.32321835161892715,Brahui,South Asia
HGDP00043,0.09906093031863633,0.1271476050170568,-0.3145230013455851,Brahui,South Asia
HGDP00045,0.1012209497199675,0.1273644630653836,-0.3177754798622522,Brahui,South Asia
HGDP00047,0.10377072510215515,0.12475950255182088,-0.31142299890727404,Brahui,South Asia
HGDP00049,0.10731058948156566,0.1292179347455204,-0.3194622542396216,Brahui,South Asia
HGDP00052,0.09894831035045773,0.13264094176183153,-0.3112003245128944,Balochi,South Asia
HGDP00054,0.107520322821584,0.12764730983000327,-0.32241113793125853,Balochi,South Asia
HGDP00056,0.10191752901930626,0.12851290314001118,-0.32097561534366364,Balochi,South Asia
HGDP00058,0.09857968383708643,0.12579459690134004,-0.31870938903066626,Balochi,South Asia
HGDP00062,0.10028904793466159,0.1274292824805585,-0.31660835017017935,Balochi,South Asia
HGDP00064,0.09991759046382778,0.1276564600143406,-0.32038145162718856,Balochi,South Asia
HGDP00066,0.10028904793466159,0.1274292824805585,-0.31660835017017935,Balochi,South Asia
HGDP00068,0.10176799413422902,0.12612751133941807,-0.3182819311090155,Balochi,South Asia
HGDP00070,0.1042378153514052,0.13000672469950447,-0.3189537478628189,Balochi,South Asia
HGDP00072,0.10461855944057658,0.1312151842943518,-0.3192949429604491,Balochi,South Asia
HGDP00074,0.1027167352872376,0.12478060570240089,-0.3183010656922219,Balochi,South Asia
HGDP00076,0.1052124428525027,0.13006615639214,-0.3144670606542663,Balochi,South Asia
HGDP00078,0.10770342093934829,0.12723769472836757,-0.3200476252523981,Balochi,South Asia
HGDP00080,0.1036335277138333,0.12597082544736754,-0.32204170490486456,Balochi,South Asia
HGDP00082,0.10134178233309216,0.12943520087841182,-0.3229951630956997,Balochi,South Asia
HGDP00086,0.103890119736125,0.12837752604566116,-0.3192805614048619,Balochi,South Asia
HGDP00088,0.10248505498506252,0.13090750784605815,-0.31761732103848767,Balochi,South Asia
HGDP00090,0.10150067308678709,0.12549603210271082,-0.3184218801930168,Balochi,South Asia
HGDP00092,0.10283388166872753,0.1252449523886612,-0.3178295405690973,Balochi,South Asia
HGDP00096,0.10669503275960271,0.12669485356117788,-0.3162137400559959,Balochi,South Asia
HGDP00098,0.10313031476862816,0.1264316529144042,-0.3197227302752078,Balochi,South Asia
HGDP00099,0.10250797843981949,0.13318751283033792,-0.3165633058407533,Hazara,South Asia
HGDP00100,0.10037881644521932,0.12930152616012472,-0.32018444770872573,Hazara,South Asia
HGDP00103,0.1033281088404118,0.1295428914492811,-0.3184308690990853,Hazara,South Asia
HGDP00106,0.10127440312695363,0.1296425757789867,-0.3201272611435314,Hazara,South Asia
HGDP00108,0.09636543655608024,0.1272020893601719,-0.32336799722452175,Hazara,South Asia
HGDP00109,0.1017397775049518,0.1268876250713148,-0.32216196746991216,Hazara,South Asia
HGDP00110,0.1013938602532179,0.1266524963723488,-0.31428084165709097,Hazara,South Asia
HGDP00112,0.10426615579202009,0.13043143613673291,-0.3192005739676238,Hazara,South Asia
HGDP00115,0.0987909148847774,0.1336795169806264,-0.32286531690635406,Hazara,South Asia
HGDP00116,0.09971605195270156,0.13001611536112243,-0.32194659942643367,Hazara,South Asia
HGDP00119,0.10582568569955289,0.1266614107603235,-0.32008973553707,Hazara,South Asia
HGDP00120,0.09750903702610661,0.1284030995079611,-0.3213347647441537,Hazara,South Asia
HGDP00122,0.09851374983499028,0.12761012444816772,-0.3253389457395955,Hazara,South Asia
HGDP00124,0.09921268064280381,0.13340630302615075,-0.32258204170787347,Hazara,South Asia
HGDP00125,0.09795997741399123,0.12831240068521418,-0.31964995411052616,Hazara,South Asia
HGDP00127,0.10305055688533885,0.13359015667511043,-0.32061197407417247,Hazara,South Asia
HGDP00129,0.10118189192015778,0.12977255401706028,-0.32007778328899933,Hazara,South Asia
HGDP00131,0.10160028681210814,0.12943139260089184,-0.32100388938334695,Makrani,South Asia
HGDP00133,0.10217373203193711,0.12884985724328712,-0.3195080404491442,Makrani,South Asia
HGDP00134,0.09889267307255362,0.1302830053460855,-0.32077939210355577,Makrani,South Asia
HGDP00135,0.09992954802890644,0.1256639477340245,-0.31266694807544765,Makrani,South Asia
HGDP00136,0.0984951631260238,0.12740905771783817,-0.31891271101494906,Makrani,South Asia
HGDP00137,0.09946207786671882,0.12942811586004993,-0.3185252544257639,Makrani,South Asia
HGDP00139,0.1009116348879463,0.1269746003803187,-0.317430026463089,Makrani,South Asia
HGDP00140,0.09986053576638312,0.12940018035246645,-0.31848266041590245,Makrani,South Asia
HGDP00141,0.10090298423476116,0.13189900554596623,-0.31703151042582794,Makrani,South Asia
HGDP00143,0.10142244336264344,0.1304674264699111,-0.3190509549988087,Makrani,South Asia
HGDP00144,0.09881279013973732,0.12700840357132523,-0.31413699667012196,Makrani,South Asia
HGDP00145,0.09928349066609388,0.1307127081132789,-0.31915291631342324,Makrani,South Asia
HGDP00146,0.10107460352363301,0.12654984316692489,-0.31415360258519087,Makrani,South Asia
HGDP00148,0.10221639400724705,0.1306668896880318,-0.318278855782565,Makrani,South Asia
HGDP00149,0.10248126931366949,0.12636392800215093,-0.31549175554056497,Makrani,South Asia
HGDP00151,0.10221639400724705,0.1306668896880318,-0.318278855782565,Makrani,South Asia
HGDP00153,0.0997835900530013,0.129700163196181,-0.3165674163601866,Makrani,South Asia
HGDP00155,0.0987692152136336,0.12799769191907734,-0.31690817218167244,Makrani,South Asia
HGDP00157,0.09875006572506465,0.12671577721902805,-0.3183921631117606,Makrani,South Asia
HGDP00158,0.10542222883127841,0.12654608648376206,-0.31834381939216294,Makrani,South Asia
HGDP00160,0.10431192102068781,0.13028903886514875,-0.31682371704898105,Makrani,South Asia
HGDP00161,0.09608055738846821,0.12771230898612118,-0.3160530489519067,Makrani,South Asia
HGDP00163,0.09868686577286184,0.12761370002885097,-0.32538510772140544,Sindhi,South Asia
HGDP00165,0.10183552673335311,0.1292932702899789,-0.31753626833524445,Sindhi,South Asia
HGDP00167,0.1014225615085847,0.12928147720133987,-0.3169160241655591,Sindhi,South Asia
HGDP00169,0.10217016926743336,0.128236983418083,-0.3213526518813928,Sindhi,South Asia
HGDP00171,0.10071137435048383,0.12550621896087463,-0.3191277552137824,Sindhi,South Asia
HGDP00177,0.10142206738060094,0.1332252016090523,-0.3222534364757368,Sindhi,South Asia
HGDP00179,0.10223396312673913,0.13115047866691695,-0.3181419510793841,Sindhi,South Asia
HGDP00181,0.09931322038644533,0.13012096739146156,-0.320461490558252,Sindhi,South Asia
HGDP00183,0.09979068973793487,0.1297302513653718,-0.3169936690960433,Sindhi,South Asia
HGDP00185,0.10170708779847346,0.1295310106770615,-0.32128675839574256,Sindhi,South Asia
HGDP00187,0.10355695445117091,0.13046177496359584,-0.3218940686454316,Sindhi,South Asia
HGDP00189,0.10432608733773549,0.1305474388553,-0.31760632683674095,Sindhi,South Asia
HGDP00191,0.10352433724962076,0.12884920823550616,-0.31459684183755265,Sindhi,South Asia
HGDP00192,0.09928349066609388,0.1307127081132789,-0.31915291631342324,Sindhi,South Asia
HGDP00195,0.09906093031863633,0.12714760501705677,-0.3145230013455851,Sindhi,South Asia
HGDP00197,0.09923746814332571,0.12643957719904886,-0.31694663792198857,Sindhi,South Asia
HGDP00199,0.0968106970540889,0.13195749672987422,-0.320060536216383,Sindhi,South Asia
HGDP00201,0.09884574765719362,0.1264264494310025,-0.32159200101447843,Sindhi,South Asia
HGDP00205,0.09988554202334626,0.12967413697700725,-0.324039342319106,Sindhi,South Asia
HGDP00206,0.10114159725547944,0.1289490350782132,-0.31377013385912017,Sindhi,South Asia
HGDP00208,0.10300728213004692,0.13089993788473678,-0.322630844844735,Sindhi,South Asia
HGDP00210,0.10138864565378897,0.12713229609152601,-0.31746087364087494,Sindhi,South Asia
HGDP00213,0.10353492373786244,0.12851720896288635,-0.319244769361423,Pathan,Central Asia
HGDP00214,0.10084477545376377,0.12668923971262339,-0.31449101470857077,Pathan,Central Asia
HGDP00216,0.0998043795665576,0.12629128701340403,-0.3260538737410289,Pathan,Central Asia
HGDP00218,0.10116098147228064,0.12933954930859634,-0.31682068901100563,Pathan,Central Asia
HGDP00222,0.09921619458937697,0.12746263999589028,-0.3175221015350486,Pathan,Central Asia
HGDP00224,0.10158692887825468,0.12925127526678645,-0.3235259434804183,Pathan,Central Asia
HGDP00226,0.10207947434519546,0.12499861966205399,-0.3210384305874711,Pathan,Central Asia
HGDP00228,0.10019104473348012,0.13038109012314092,-0.3174412720997136,Pathan,Central Asia
HGDP00230,0.10159011577015359,0.12898343099984977,-0.3188103910356119,Pathan,Central Asia
HGDP00232,0.10043075104750782,0.1314299947357886,-0.3185621053834156,Pathan,Central Asia
HGDP00237,0.09880195958096591,0.12750229058663315,-0.31761410253333977,Pathan,Central Asia
HGDP00239,0.09912546544957218,0.13008145929206796,-0.32081841217571266,Pathan,Central Asia
HGDP00241,0.10024681332542357,0.12967458458845108,-0.31788747394614497,Pathan,Central Asia
HGDP00243,0.10143326688177298,0.12632418741018814,-0.3168845156430765,Pathan,Central Asia
HGDP00244,0.10187662711542342,0.1294771062724425,-0.32115330905144057,Pathan,Central Asia
HGDP00247,0.10025389300911561,0.12723544649691093,-0.316219902958153,Pathan,Central Asia
HGDP00248,0.10037840422949101,0.13010399654975033,-0.3205904249098433,Pathan,Central Asia
HGDP00254,0.1021218217450938,0.12830523950227254,-0.3167588888304248,Pathan,Central Asia
HGDP00258,0.10072597049557322,0.13036414043929215,-0.3262002809876158,Pathan,Central Asia
HGDP00259,0.10117874391645504,0.12678425642648947,-0.3146085845877899,Pathan,Central Asia
HGDP00262,0.10186532372305074,0.12942310138733604,-0.32101590654777507,Pathan,Central Asia
HGDP00264,0.10474130957719671,0.13034853095218887,-0.31259037186567257,Pathan,Central Asia
HGDP00267,0.10190415712323084,0.1287919151854681,-0.314842831855509,Kalash,South Asia
HGDP00277,0.10235321992108382,0.12340930506635228,-0.3185318237080523,Kalash,South Asia
HGDP00281,0.10457507292547463,0.12803382688260306,-0.31499411902051566,Kalash,South Asia
HGDP00285,0.0987752507050382,0.1279668713421125,-0.3222034028166894,Kalash,South Asia
HGDP00286,0.10258066027660112,0.12846075971536608,-0.32165563616803644,Kalash,South Asia
HGDP00288,0.10438995914284671,0.12750953621397723,-0.3156980844216215,Kalash,South Asia
HGDP00290,0.10126596407512811,0.12651304706297772,-0.3222426230650228,Kalash,South Asia
HGDP00298,0.10487440630786521,0.1277658281035738,-0.32191448198096206,Kalash,South Asia
HGDP00302,0.10492028425666988,0.12462557704619122,-0.320041786522265,Kalash,South Asia
HGDP00307,0.10412988905214163,0.12786500416834332,-0.32358771369756106,Kalash,South Asia
HGDP00311,0.10565726708038617,0.12978963975820462,-0.3168372729676399,Kalash,South Asia
HGDP00313,0.10399560252996626,0.12571464181900255,-0.31768561911608995,Kalash,South Asia
HGDP00315,0.10345833789463738,0.12627028282390035,-0.31953009644017044,Kalash,South Asia
HGDP00319,0.10312620507796158,0.12836022242786674,-0.32367765453880887,Kalash,South Asia
HGDP00323,0.1021218217450938,0.12830523950227254,-0.3167588888304248,Kalash,South Asia
HGDP00328,0.10009040113946899,0.12937987131100273,-0.3190923853080466,Kalash,South Asia
HGDP00330,0.10288882828088441,0.1258520118569479,-0.31890863335608055,Kalash,South Asia
HGDP00333,0.10205263458767755,0.1267110769879979,-0.32681408992775773,Kalash,South Asia
HGDP00336,0.10570588099176029,0.12842820686275186,-0.3257836501640141,Burusho,South Asia
HGDP00338,0.10109761434265868,0.13125744776601247,-0.3198022627369935,Burusho,South Asia
HGDP00341,0.10369636755885855,0.1282493782235327,-0.3179761391612696,Burusho,South Asia
HGDP00346,0.10753825213421456,0.12750638753314827,-0.32130660989579546,Burusho,South Asia
HGDP00351,0.10412988905214171,0.12786500416834362,-0.3235877136975612,Burusho,South Asia
HGDP00356,0.09971078058560387,0.12707824821790834,-0.3204273157418359,Burusho,South Asia
HGDP00359,0.10422352047269456,0.1310828279555369,-0.32068189874590636,Burusho,South Asia
HGDP00364,0.09821812176444705,0.1270987174079818,-0.31423235484636747,Burusho,South Asia
HGDP00371,0.09865637270926253,0.12818744082687172,-0.3225689495845591,Burusho,South Asia
HGDP00372,0.10509563986354051,0.1314310410590493,-0.3207384666879089,Burusho,South Asia
HGDP00382,0.09745031160889278,0.12565882932440628,-0.31530638127133614,Burusho,South Asia
HGDP00388,0.10078604821120554,0.12742255666527927,-0.32209303324293886,Burusho,South Asia
HGDP00392,0.10485637384012295,0.13251034787866145,-0.3184205180407197,Burusho,South Asia
HGDP00397,0.1040681464908915,0.1287919572754863,-0.31682593822678845,Burusho,South Asia
HGDP00402,0.09872014917960037,0.1273749005035692,-0.3172724142399122,Burusho,South Asia
HGDP00407,0.1003831392801896,0.12904919197152268,-0.3228452122784916,Burusho,South Asia
HGDP00412,0.0957795184355231,0.12975931484566963,-0.31852828136049544,Burusho,South Asia
HGDP00417,0.09832670284217276,0.12549386831944992,-0.32004534868035656,Burusho,South Asia
HGDP00423,0.10484270103533869,0.13357026426648655,-0.3224935236891189,Burusho,South Asia
HGDP00428,0.10023553323771123,0.12710551722562424,-0.32031424777108997,Burusho,South Asia
HGDP00433,0.10247871796151262,0.12846613981738145,-0.32200068634710804,Burusho,South Asia
HGDP00438,0.10335504904151924,0.1284693948356468,-0.3181501149700441,Burusho,South Asia
HGDP00444,0.10183984491597323,0.12894725222717968,-0.3197497004866267,Burusho,South Asia
HGDP00445,0.10239605310361474,0.1327353661955886,-0.3140421129581311,Burusho,South Asia
HGDP00449,0.1037823561522454,0.12801848851158562,-0.31337162641709954,MbutiPygmy,Central Africa
HGDP00452,0.1023782916155149,0.13115545056044475,-0.31733552238208895,BiakaPygmy,Central Africa
HGDP00454,0.10197490445155316,0.13125539275544762,-0.3158476113119538,BiakaPygmy,Central Africa
HGDP00455,0.10501672934787792,0.13171466007107055,-0.3153396475577295,BiakaPygmy,Central Africa
HGDP00457,0.10458363730282405,0.13015156141769807,-0.3131281820686793,BiakaPygmy,Central Africa
HGDP00458,0.09683427923463239,0.13017013904763766,-0.3183077844233664,BiakaPygmy,Central Africa
HGDP00459,0.10569035933190113,0.13037692433507198,-0.31320569948265997,BiakaPygmy,Central Africa
HGDP00460,0.10082394515191287,0.13204613967058884,-0.3141290533813359,BiakaPygmy,Central Africa
HGDP00461,0.10402744276024325,0.13120220328341048,-0.3152600680433452,BiakaPygmy,Central Africa
HGDP00462,0.10027389495729758,0.13162233299040837,-0.31319246375701415,MbutiPygmy,Central Africa
HGDP00463,0.10257947046080265,0.1305784793233083,-0.31394200530160327,MbutiPygmy,Central Africa
HGDP00464,0.10257947046080265,0.1305784793233083,-0.31394200530160327,BiakaPygmy,Central Africa
HGDP00465,0.10560015874134071,0.1309621863525807,-0.31026056032086685,BiakaPygmy,Central Africa
HGDP00467,0.09895647500961985,0.1299513556604392,-0.3167281889632778,MbutiPygmy,Central Africa
HGDP00469,0.10278255044617748,0.1304703669807862,-0.3135923627534506,BiakaPygmy,Central Africa
HGDP00470,0.10416595802510689,0.131646579819376,-0.31487727471483246,BiakaPygmy,Central Africa
HGDP00471,0.10257947046080265,0.1305784793233083,-0.31394200530160327,MbutiPygmy,Central Africa
HGDP00472,0.10117122215415755,0.13174908387357703,-0.3193652678338533,BiakaPygmy,Central Africa
HGDP00473,0.10446881344911965,0.13029665720185826,-0.31287013737027397,BiakaPygmy,Central Africa
HGDP00474,0.10021547780005755,0.13166177320807715,-0.3163352935660876,MbutiPygmy,Central Africa
HGDP00475,0.10257947046080265,0.1305784793233083,-0.31394200530160327,BiakaPygmy,Central Africa
HGDP00476,0.10458363730282405,0.13015156141769807,-0.3131281820686793,MbutiPygmy,Central Africa
HGDP00478,0.1024858747729305,0.13063363545578552,-0.3133609351483458,MbutiPygmy,Central Africa
HGDP00511,0.10449392052860468,0.12765315765200685,-0.3175139507821438,French,Europe
HGDP00512,0.1077605430353013,0.13109341216354295,-0.32364670680652674,French,Europe
HGDP00513,0.10174830612375554,0.12928915187075274,-0.31703057412893787,French,Europe
HGDP00514,0.10452421588325428,0.13070733609451574,-0.3171237651382539,French,Europe
HGDP00515,0.10430030257457329,0.12806309774216318,-0.314973185316086,French,Europe
HGDP00516,0.10151818182899072,0.1268033989850756,-0.32243913249436107,French,Europe
HGDP00517,0.1001486118210079,0.12718585151788991,-0.31909900359017723,French,Europe
HGDP00518,0.10558720229142826,0.12869914103889366,-0.31798452510182185,French,Europe
HGDP00519,0.10626517634954283,0.12720619778038825,-0.31835511632518027,French,Europe
HGDP00520,0.10221540477078239,0.12855862676691313,-0.3226137068001036,French,Europe
HGDP00522,0.1054258295743393,0.12817296970028036,-0.32002938489352817,French,Europe
HGDP00523,0.1031551950801756,0.12577224144327429,-0.3132445903472888,French,Europe
HGDP00524,0.10363352771383327,0.12597082544736754,-0.32204170490486456,French,Europe
HGDP00525,0.10358012137405245,0.13031882939796458,-0.3172663230794282,French,Europe
HGDP00526,0.10439180384557833,0.12576273708722224,-0.3211151201239621,French,Europe
HGDP00527,0.10202455688689974,0.12634849033855583,-0.3182407725243079,French,Europe
HGDP00528,0.10557000654016069,0.12382564320349423,-0.31661903946085274,French,Europe
HGDP00529,0.09985288106537943,0.1323385325196334,-0.3202820473490117,French,Europe
HGDP00530,0.10614234440169709,0.12327112977422267,-0.31997494110708785,French,Europe
HGDP00531,0.10273819219135277,0.12801570884963784,-0.31771784854120105,French,Europe
HGDP00533,0.09802572243852811,0.12715565995785175,-0.31855434807097766,French,Europe
HGDP00534,0.10217089249119418,0.13267514555114285,-0.31898562751623494,French,Europe
HGDP00535,0.10238913564969987,0.12855710610683097,-0.31521583787561036,French,Europe
HGDP00537,0.10337569625466786,0.12715836997217322,-0.32096007104675767,French,Europe
HGDP00538,0.10416756984561779,0.12546602914655117,-0.32232377405862467,French,Europe
HGDP00539,0.10159383967731933,0.12858485609050252,-0.3129376364638313,French,Europe
HGDP00543,0.09744511206975931,0.1272584394488484,-0.32754387490423914,Papuan,Oceania
HGDP00545,0.09959999770254471,0.12679165983609664,-0.32347709778288475,Papuan,Oceania
HGDP00546,0.09903566592521851,0.12738680765564234,-0.320653249520268,Papuan,Oceania
HGDP00547,0.09830003320022968,0.1253678012298277,-0.32508491131084183,Papuan,Oceania
HGDP00548,0.09900611614373273,0.1260104850001144,-0.3228235722202712,Papuan,Oceania
HGDP00549,0.09959098953937362,0.12710055811443707,-0.32315867776284046,Papuan,Oceania
HGDP00550,0.10074387988640712,0.12766823227565524,-0.3219210071929737,Papuan,Oceania
HGDP00552,0.09959098953937362,0.12710055811443707,-0.32315867776284046,Papuan,Oceania
HGDP00553,0.09897418552675719,0.12760029396234648,-0.3248288910489135,Papuan,Oceania
HGDP00554,0.09608075094055099,0.12534615596233475,-0.3187473995186265,Papuan,Oceania
HGDP00555,0.09948009490106485,0.12628057059471276,-0.32244368784796207,Papuan,Oceania
HGDP00556,0.09737660069428355,0.12774467965859054,-0.3268440482979926,Papuan,Oceania
HGDP00560,0.10483757847260855,0.13091032533175845,-0.3164755838827604,Druze,Western Asia
HGDP00561,0.10121507946693103,0.12742887606713382,-0.3215973421805356,Druze,Western Asia
HGDP00563,0.10389028483551657,0.12777807410082936,-0.31534444025709685,Druze,Western Asia
HGDP00565,0.10275175994111782,0.1319010162594442,-0.32166226181898194,Druze,Western Asia
HGDP00566,0.10459037164466928,0.12813662654596375,-0.31456269855690183,Druze,Western Asia
HGDP00569,0.10338424604979218,0.1313331455172585,-0.32074941475898205,Druze,Western Asia
HGDP00571,0.10311362947822944,0.12660121122508597,-0.3218907659011386,Druze,Western Asia
HGDP00572,0.10441709158814119,0.12724758656633323,-0.3145381456977461,Druze,Western Asia
HGDP00573,0.10420379195724239,0.129486031087488,-0.32056246676333106,Druze,Western Asia
HGDP00574,0.10621918620205731,0.12574788043756457,-0.3180643003328965,Druze,Western Asia
HGDP00577,0.10551027952836706,0.13026229211571413,-0.31407426215129464,Druze,Western Asia
HGDP00578,0.10052166192215611,0.12500724530500895,-0.3211263002087985,Druze,Western Asia
HGDP00579,0.10335504904151924,0.1284693948356468,-0.3181501149700441,Druze,Western Asia
HGDP00580,0.10843493869455653,0.12900891383378477,-0.3209222894027366,Druze,Western Asia
HGDP00582,0.10398913966769413,0.12583419901087683,-0.3219100989589418,Druze,Western Asia
HGDP00583,0.10466460246241588,0.13044942342098612,-0.3174137927463212,Druze,Western Asia
HGDP00584,0.10319459178666865,0.12576749680692165,-0.31772976727048713,Druze,Western Asia
HGDP00586,0.10341646808432181,0.1261815713202909,-0.3196937830613279,Druze,Western Asia
HGDP00587,0.1041245273851844,0.132675027400278,-0.316916413477563,Druze,Western Asia
HGDP00588,0.10400824836616904,0.12867571495283125,-0.316948478341296,Druze,Western Asia
HGDP00590,0.10431711203916713,0.12741200138070757,-0.3157742082815016,Druze,Western Asia
HGDP00591,0.10493818285409051,0.12433497507662658,-0.3154352721137907,Druze,Western Asia
HGDP00594,0.10101773125509739,0.13011011907912703,-0.3203287003264203,Druze,Western Asia
HGDP00595,0.1011760494842242,0.12490664798712345,-0.31832356018732744,Druze,Western Asia
HGDP00597,0.10434108472260767,0.12764351561870388,-0.32116367238312366,Druze,Western Asia
HGDP00598,0.10482302959709039,0.1306274584190268,-0.3164628166892396,Druze,Western Asia
HGDP00599,0.1074475967271881,0.12659690961354395,-0.31641441946005433,Druze,Western Asia
HGDP00600,0.10204213568229994,0.13244260310378125,-0.3239416791003779,Druze,Western Asia
HGDP00601,0.10190415712323084,0.1287919151854681,-0.314842831855509,Druze,Western Asia
HGDP00602,0.10545925278566956,0.12662306044356364,-0.3232500815581258,Druze,Western Asia
HGDP00604,0.10273819219135277,0.12801570884963784,-0.31771784854120105,Druze,Western Asia
HGDP00606,0.10008973036208715,0.1266787739964145,-0.3230208070835737,Druze,Western Asia
HGDP00607,0.10561115660456755,0.13068020499223668,-0.32025858380972505,Bedouin,Western Asia
HGDP00608,0.10360901554818089,0.1291633512212047,-0.3211396108427931,Bedouin,Western Asia
HGDP00609,0.1027710826518003,0.13242833972120413,-0.3140726665589845,Bedouin,Western Asia
HGDP00611,0.10024681332542357,0.12967458458845108,-0.31788747394614497,Bedouin,Western Asia
HGDP00612,0.10069087764013931,0.13020907171762455,-0.31746604370972054,Bedouin,Western Asia
HGDP00613,0.10237271344486851,0.12520077016784362,-0.32084878352801743,Bedouin,Western Asia
HGDP00616,0.1037382736596685,0.12881021500017636,-0.31708335039120544,Bedouin,Western Asia
HGDP00620,0.10402259151457396,0.12413005366303899,-0.3131344441809969,Bedouin,Western Asia
HGDP00623,0.10171335705256032,0.13441299063636403,-0.3189886862980176,Bedouin,Western Asia
HGDP00624,0.10595975128417476,0.13139022896204922,-0.32251429150592736,Bedouin,Western Asia
HGDP00625,0.10502860393764687,0.12832677424950317,-0.3209381382781306,Bedouin,Western Asia
HGDP00626,0.10041633910775488,0.12721689621828763,-0.31621242342725636,Bedouin,Western Asia
HGDP00627,0.10098547834544025,0.12772412193579963,-0.32159170930572883,Bedouin,Western Asia
HGDP00628,0.10172481808535788,0.12445317989536166,-0.3150432114249103,Bedouin,Western Asia
HGDP00629,0.10516180208035197,0.1239033928135526,-0.3167049389667457,Bedouin,Western Asia
HGDP00631,0.10386920635396385,0.12877329001437013,-0.32372388461648105,Bedouin,Western Asia
HGDP00632,0.10416562323972209,0.12802058396327767,-0.32154508391401704,Bedouin,Western Asia
HGDP00634,0.10362786973302701,0.13183290615329313,-0.32288177570059967,Bedouin,Western Asia
HGDP00635,0.10286503969406297,0.13143419177544768,-0.31685350452704214,Bedouin,Western Asia
HGDP00636,0.10325668278707587,0.12641823096732385,-0.32445268002370065,Bedouin,Western Asia
HGDP00637,0.10700675335463747,0.12980623946539357,-0.3174265794666097,Bedouin,Western Asia
HGDP00638,0.10116098147228064,0.12933954930859634,-0.31682068901100563,Bedouin,Western Asia
HGDP00639,0.10537644488191192,0.1282957002268696,-0.3226212103902307,Bedouin,Western Asia
HGDP00640,0.10251697900228698,0.13057713075934807,-0.3194932551347598,Bedouin,Western Asia
HGDP00641,0.0990100320538864,0.12635198744118198,-0.31876744630624493,Bedouin,Western Asia
HGDP00642,0.10523088725896604,0.13003885456407924,-0.31514443028296246,Bedouin,Western Asia
HGDP00643,0.10434842989101095,0.1281722891554022,-0.31518493743315884,Bedouin,Western Asia
HGDP00644,0.10221874868796285,0.12860431866820718,-0.3156261492687327,Bedouin,Western Asia
HGDP00645,0.1037220644393029,0.1288010257171085,-0.3171548820836588,Bedouin,Western Asia
HGDP00646,0.10642616328416057,0.1299834257581757,-0.32326820201520695,Bedouin,Western Asia
HGDP00647,0.10461085475823523,0.12807389078023823,-0.3132020710280854,Bedouin,Western Asia
HGDP00648,0.10529905521817093,0.13182370040642705,-0.32347389348480304,Bedouin,Western Asia
HGDP00649,0.10401470571103646,0.12915775446638075,-0.32148138666109793,Bedouin,Western Asia
HGDP00650,0.10481024588153734,0.1300899463225585,-0.31874426993267624,Bedouin,Western Asia
HGDP00651,0.10252457547675542,0.12959973444608525,-0.32311661786693124,Bedouin,Western Asia
HGDP00653,0.1056365527317798,0.12814087225953577,-0.32060081451855216,Bedouin,Western Asia
HGDP00654,0.10293541598158043,0.12952531147972118,-0.3232511000815717,Bedouin,Western Asia
HGDP00655,0.1005536483583663,0.1269896687236707,-0.3236287360984601,Melanesian,Oceania
HGDP00656,0.09830934801991534,0.12542645447852832,-0.3261943779764797,Melanesian,Oceania
HGDP00660,0.09858529282466288,0.13030928015728366,-0.32093703111200467,Melanesian,Oceania
HGDP00661,0.0988320216709962,0.12644595515832613,-0.3170346789289397,Melanesian,Oceania
HGDP00663,0.09967957827226012,0.12752923356371293,-0.32068245940152,Melanesian,Oceania
HGDP00664,0.09891210017309424,0.1282153529696848,-0.3222628385667246,Melanesian,Oceania
HGDP00666,0.10360921737358522,0.1256500828639554,-0.3148502146546321,Sardinian,Europe
HGDP00667,0.10901410362121372,0.12906736462805254,-0.3190012039806601,Sardinian,Europe
HGDP00668,0.10461241759442774,0.12805797453266154,-0.3147015440681499,Sardinian,Europe
HGDP00669,0.10183984491597323,0.12894725222717968,-0.3197497004866267,Sardinian,Europe
HGDP00670,0.10469159320481541,0.1275655610755791,-0.32058751003146063,Sardinian,Europe
HGDP00671,0.10225116222803965,0.1286072885950927,-0.32163013396163725,Sardinian,Europe
HGDP00672,0.10333646571757127,0.12665228319736863,-0.32564661231908587,Sardinian,Europe
HGDP00673,0.10202455688689974,0.12634849033855583,-0.3182407725243079,Sardinian,Europe
HGDP00674,0.10494894858944814,0.12830504834505305,-0.320588136071363,Sardinian,Europe
HGDP00675,0.10107074851706971,0.12718874349281584,-0.3176633322834132,Palestinian,Western Asia
HGDP00676,0.10436572859528223,0.13078402258733648,-0.3150497504774592,Palestinian,Western Asia
HGDP00680,0.10098547834544025,0.12772412193579963,-0.32159170930572883,Palestinian,Western Asia
HGDP00685,0.10196233586641784,0.1289297872709495,-0.31962274666933366,Palestinian,Western Asia
HGDP00686,0.09821417747095254,0.13007900384159962,-0.31539822081702595,Palestinian,Western Asia
HGDP00687,0.10417690131958735,0.12977854403218717,-0.3207592104710875,Palestinian,Western Asia
HGDP00689,0.10461813330297695,0.1250772916323614,-0.31808039271204247,Palestinian,Western Asia
HGDP00690,0.10481024588153734,0.1300899463225585,-0.31874426993267624,Palestinian,Western Asia
HGDP00691,0.10141812647090415,0.12635329401697823,-0.31560638741316355,Palestinian,Western Asia
HGDP00693,0.10587713151212735,0.126527208826083,-0.3204237633665609,Palestinian,Western Asia
HGDP00694,0.10427843257276356,0.127457861952789,-0.31912044237570397,Palestinian,Western Asia
HGDP00697,0.10342766255127767,0.12551954644288288,-0.3161534778853181,Palestinian,Western Asia
HGDP00698,0.10348246462381125,0.12517574592716427,-0.31584094953577574,Palestinian,Western Asia
HGDP00699,0.09802329219109746,0.12735574586082582,-0.3170664592781808,Palestinian,Western Asia
HGDP00700,0.10462235278500501,0.12537192334299657,-0.3214830598571113,Palestinian,Western Asia
HGDP00701,0.10351186448789448,0.12643218101222,-0.3217931904275805,Bedouin,Western Asia
HGDP00702,0.10056909190480925,0.13175821469388974,-0.32154376537874774,Colombian,South America
HGDP00704,0.10099428243596437,0.13149829208695785,-0.31964674394356524,Colombian,South America
HGDP00706,0.10211985206488164,0.12862040526890597,-0.3219512659758515,Colombian,South America
HGDP00712,0.10056909190480925,0.13175821469388974,-0.32154376537874774,Cambodian,South-East Asia
HGDP00713,0.10065408719674365,0.13217405338014365,-0.32489649867503784,Cambodian,South-East Asia
HGDP00714,0.09909748338267257,0.130061371294174,-0.32332300595148095,Cambodian,South-East Asia
HGDP00715,0.10068040544660353,0.1289920082381693,-0.3225900673374198,Cambodian,South-East Asia
HGDP00716,0.09883790694952455,0.12997396017327262,-0.3232841968799577,Cambodian,South-East Asia
HGDP00717,0.10087496684801978,0.13337965031983262,-0.3243224929301926,Cambodian,South-East Asia
HGDP00719,0.09904854069489774,0.12736631880147561,-0.3253193464502396,Cambodian,South-East Asia
HGDP00720,0.09989693653090681,0.12976212288317943,-0.3178981030499742,Cambodian,South-East Asia
HGDP00721,0.10132596224052018,0.13193431037462325,-0.3264278474478716,Cambodian,South-East Asia
HGDP00722,0.10434108472260767,0.12764351561870388,-0.32116367238312366,Palestinian,Western Asia
HGDP00723,0.10432608733773549,0.1305474388553,-0.31760632683674095,Palestinian,Western Asia
HGDP00725,0.10260616464386765,0.1303736904361436,-0.3193502849172687,Palestinian,Western Asia
HGDP00726,0.10360223407049227,0.1292735515715464,-0.3215161995687735,Palestinian,Western Asia
HGDP00727,0.09944358190348815,0.13003418157825578,-0.32066818921119306,Palestinian,Western Asia
HGDP00729,0.09960323804112589,0.12489651524243259,-0.32176274369361463,Palestinian,Western Asia
HGDP00730,0.10153990910084501,0.1293796173046065,-0.3174352583456049,Palestinian,Western Asia
HGDP00731,0.1001486118210079,0.12718585151788991,-0.31909900359017723,Palestinian,Western Asia
HGDP00732,0.10350537252310277,0.12870362560576953,-0.3155481234667982,Palestinian,Western Asia
HGDP00733,0.10597925218621984,0.13041834700092786,-0.3210180277610643,Palestinian,Western Asia
HGDP00734,0.10201157491383811,0.12833873804400392,-0.3216410665813169,Palestinian,Western Asia
HGDP00735,0.1015271445865536,0.12750468388547997,-0.31991271230161594,Palestinian,Western Asia
HGDP00736,0.10335504904151924,0.1284693948356468,-0.31815011497004414,Palestinian,Western Asia
HGDP00737,0.10274781166672359,0.12623280745482354,-0.31521420733841693,Palestinian,Western Asia
HGDP00739,0.10356127628954492,0.12850472917141992,-0.3194030053470524,Palestinian,Western Asia
HGDP00740,0.10176951655881517,0.12888735043850416,-0.3185879005017979,Palestinian,Western Asia
HGDP00741,0.10126437038967567,0.13063705325314373,-0.31916501841180334,Palestinian,Western Asia
HGDP00744,0.09906093031863633,0.12714760501705677,-0.3145230013455851,Palestinian,Western Asia
HGDP00745,0.10534815658562793,0.13017624247629261,-0.3219103019126417,Palestinian,Western Asia
HGDP00747,0.09891210017309424,0.1282153529696848,-0.3222628385667246,Japanese,East Asia
HGDP00748,0.09999675479495482,0.12967675732793277,-0.3243396518390859,Japanese,East Asia
HGDP00749,0.09795997741399123,0.12831240068521418,-0.31964995411052616,Japanese,East Asia
HGDP00750,0.10024681332542357,0.12967458458845108,-0.31788747394614497,Japanese,East Asia
HGDP00751,0.10116494458722389,0.13216202526879328,-0.3169921306412785,Japanese,East Asia
HGDP00752,0.09954776937308255,0.1276485782671593,-0.32053595555539816,Japanese,East Asia
HGDP00753,0.10208977376738679,0.13178791757811276,-0.3230572739480316,Japanese,East Asia
HGDP00754,0.09922085560830804,0.1277388393331304,-0.31928528817418717,Japanese,East Asia
HGDP00755,0.10116494458722411,0.1321620252687934,-0.31699213064127874,Japanese,East Asia
HGDP00756,0.09918362888915361,0.12995027049359895,-0.323166993669815,Japanese,East Asia
HGDP00757,0.09944358190348815,0.13003418157825578,-0.32066818921119306,Japanese,East Asia
HGDP00758,0.09909748338267257,0.130061371294174,-0.32332300595148095,Japanese,East Asia
HGDP00759,0.09918362888915361,0.12995027049359895,-0.323166993669815,Japanese,East Asia
HGDP00760,0.09819491160203245,0.12791229741003873,-0.32363202656622153,Japanese,East Asia
HGDP00761,0.10120537310878999,0.13260425262698833,-0.31780625812654456,Japanese,East Asia
HGDP00762,0.09977457573357904,0.12942995393784376,-0.3191961232122171,Japanese,East Asia
HGDP00763,0.10368639417305137,0.1282968966128014,-0.31976014467203995,Japanese,East Asia
HGDP00764,0.09588298843918541,0.1317419046073317,-0.317504965688729,Japanese,East Asia
HGDP00766,0.09816411051244184,0.12807784910907216,-0.3207656195411024,Japanese,East Asia
HGDP00767,0.09977457573357904,0.12942995393784376,-0.3191961232122171,Japanese,East Asia
HGDP00768,0.09995447621632733,0.12707000870572113,-0.3229915433690163,Japanese,East Asia
HGDP00769,0.10102805790762803,0.1344925370556095,-0.3207098017607533,Japanese,East Asia
HGDP00771,0.09920824779826268,0.13015498986417146,-0.32072133640136136,Japanese,East Asia
HGDP00772,0.09805801537131537,0.12758022743012512,-0.3236153517774249,Japanese,East Asia
HGDP00773,0.09944358190348815,0.13003418157825578,-0.32066818921119306,Japanese,East Asia
HGDP00774,0.09966207773156363,0.13226011376748237,-0.3233210180214137,Han,East Asia
HGDP00775,0.09858529282466288,0.13030928015728366,-0.32093703111200467,Han,East Asia
HGDP00776,0.09918362888915361,0.12995027049359895,-0.323166993669815,Han,East Asia
HGDP00777,0.09883790694952455,0.12997396017327262,-0.3232841968799577,Han,East Asia
HGDP00779,0.0992103223362377,0.12928449206597378,-0.3217687666826979,Han,East Asia
HGDP00780,0.1009472785699757,0.12891294968043662,-0.326183497509568,Han,East Asia
HGDP00781,0.10092744708611492,0.12743745927587014,-0.3242657280571743,Han,East Asia
HGDP00782,0.09918362888915361,0.12995027049359895,-0.323166993669815,Han,East Asia
HGDP00783,0.10027913475843975,0.13187061704867642,-0.3217110567049722,Han,East Asia
HGDP00784,0.10017458025746212,0.12962726700439958,-0.32384612422386183,Han,East Asia
HGDP00785,0.10273273584076464,0.13150480859152228,-0.32119101517684545,Han,East Asia
HGDP00786,0.10068040544660353,0.1289920082381693,-0.3225900673374198,Han,East Asia
HGDP00787,0.097680201610547,0.12790674713669223,-0.32399627324805264,Melanesian,Oceania
HGDP00788,0.09948435202336742,0.12568195743342692,-0.31830295717096596,Melanesian,Oceania
HGDP00790,0.09819491160203245,0.12791229741003873,-0.32363202656622153,Japanese,East Asia
HGDP00791,0.10037881644521932,0.12930152616012472,-0.32018444770872573,Japanese,East Asia
HGDP00794,0.10333348591827815,0.1252127461821557,-0.32102963379172916,Orcadian,Europe
HGDP00796,0.10023553323771123,0.12710551722562424,-0.32031424777108997,Orcadian,Europe
HGDP00797,0.10327654671092798,0.1259892360425412,-0.3166370756392775,Orcadian,Europe
HGDP00798,0.10325976234330073,0.1243650838631222,-0.3228332064247356,Orcadian,Europe
HGDP00799,0.09790954799583093,0.1264112146297475,-0.3220198201734574,Orcadian,Europe
HGDP00800,0.10466460246241588,0.13044942342098612,-0.3174137927463212,Orcadian,Europe
HGDP00802,0.10360223407049227,0.1292735515715464,-0.3215161995687735,Orcadian,Europe
HGDP00803,0.10543421434203673,0.12969300939552472,-0.31505983216460576,Orcadian,Europe
HGDP00805,0.10210093116540248,0.12914216268824522,-0.3176060568893375,Orcadian,Europe
HGDP00806,0.10172617337301765,0.1316330499189961,-0.3200256438435534,Orcadian,Europe
HGDP00807,0.10481024588153734,0.1300899463225585,-0.31874426993267624,Orcadian,Europe
HGDP00808,0.10520826595881436,0.13036952592978943,-0.31877856783567066,Orcadian,Europe
HGDP00810,0.10316222193456037,0.1288247533680464,-0.3156266454381837,Orcadian,Europe
HGDP00811,0.09775643247518004,0.1277006447492171,-0.32641541858409834,Han,East Asia
HGDP00812,0.10017458025746212,0.12962726700439958,-0.32384612422386183,Han,East Asia
HGDP00813,0.10064828980472607,0.12925131720532135,-0.3200411457276474,Han,East Asia
HGDP00814,0.10017458025746212,0.12962726700439958,-0.32384612422386183,Han,East Asia
HGDP00815,0.09728924569476319,0.12733494963857936,-0.3263217962450034,Han,East Asia
HGDP00817,0.10079053295834312,0.13176526037120007,-0.3174011563627633,Han,East Asia
HGDP00818,0.09964253924983255,0.12984634246834537,-0.3249169553112892,Han,East Asia
HGDP00819,0.09959999770254471,0.12679165983609664,-0.3234770977828847,Han,East Asia
HGDP00820,0.1015271445865536,0.12750468388547997,-0.31991271230161594,Han,East Asia
HGDP00821,0.10017458025746212,0.12962726700439958,-0.32384612422386183,Han,East Asia
HGDP00822,0.10146650544360716,0.12877334995634215,-0.3251711252874043,Han,East Asia
HGDP00828,0.0985731800636159,0.1301281364570402,-0.32385591738278013,Japanese,East Asia
HGDP00832,0.09931322038644533,0.13012096739146156,-0.320461490558252,Surui,South America
HGDP00837,0.10121507946693103,0.12742887606713382,-0.3215973421805356,Surui,South America
HGDP00843,0.10149486482537537,0.1271775554817871,-0.3241355591487177,Surui,South America
HGDP00845,0.09985288106537943,0.1323385325196334,-0.3202820473490117,Surui,South America
HGDP00849,0.09985288106537943,0.1323385325196334,-0.3202820473490117,Surui,South America
HGDP00852,0.09725708280770601,0.13101439502472653,-0.32009526954381057,Surui,South America
HGDP00854,0.10250647647313174,0.131035547866492,-0.3235416200988284,Maya,Central America
HGDP00855,0.10072521098780873,0.13403352100938243,-0.32213075116433354,Maya,Central America
HGDP00856,0.1079063458216441,0.13055351693195782,-0.3228023218878999,Maya,Central America
HGDP00857,0.10127440312695363,0.12964257577898672,-0.3201272611435314,Maya,Central America
HGDP00858,0.10146199149433749,0.1252593111489717,-0.3230061280240193,Maya,Central America
HGDP00859,0.10142628190808844,0.12951732686125192,-0.32124021770261413,Maya,Central America
HGDP00861,0.10142628190808847,0.12951732686125192,-0.3212402177026142,Maya,Central America
HGDP00862,0.10107557848767798,0.12960843307090275,-0.3202387837490346,Maya,Central America
HGDP00863,0.10230110599920764,0.1311713000666221,-0.3238342685178687,Maya,Central America
HGDP00864,0.1014520137711444,0.13278936777277586,-0.3174991488602441,Maya,Central America
HGDP00865,0.1001486118210079,0.12718585151788991,-0.31909900359017723,Maya,Central America
HGDP00868,0.09736521476522603,0.12841440962939593,-0.31807138081671915,Maya,Central America
HGDP00869,0.10250647647313174,0.131035547866492,-0.3235416200988284,Maya,Central America
HGDP00870,0.10362786973302701,0.13183290615329313,-0.32288177570059967,Maya,Central America
HGDP00872,0.09918362888915361,0.12995027049359895,-0.323166993669815,Maya,Central America
HGDP00873,0.10173795992327636,0.13018294871353708,-0.31899079168734845,Maya,Central America
HGDP00875,0.10030343586531584,0.13298188434431174,-0.31906283862108203,Maya,Central America
HGDP00877,0.09912546544957218,0.13008145929206796,-0.32081841217571266,Maya,Central America
HGDP00879,0.09931322038644533,0.13012096739146156,-0.320461490558252,Russian,Europe
HGDP00880,0.10354386053473122,0.12648509523921256,-0.3193897933392659,Russian,Europe
HGDP00882,0.10147296150149748,0.1300807135451764,-0.31920261281008,Russian,Europe
HGDP00883,0.10442565744003945,0.13118787346187,-0.3208664278603929,Russian,Europe
HGDP00884,0.10156119674844089,0.13236352707161847,-0.3177534199866045,Russian,Europe
HGDP00887,0.10010606394561647,0.13158819257891724,-0.3186532553425751,Russian,Europe
HGDP00888,0.10383723213724047,0.128403692169553,-0.31912619844660134,Russian,Europe
HGDP00889,0.10335504904151924,0.1284693948356468,-0.31815011497004414,Russian,Europe
HGDP00890,0.10543971666411625,0.13160188493737487,-0.32306923134495485,Russian,Europe
HGDP00891,0.10422352047269456,0.1310828279555369,-0.32068189874590636,Russian,Europe
HGDP00892,0.10383723213724047,0.128403692169553,-0.31912619844660134,Russian,Europe
HGDP00893,0.10202253269198247,0.1351946834813904,-0.32201394179879,Russian,Europe
HGDP00894,0.09929942590681826,0.12647367301475476,-0.3270112978927807,Russian,Europe
HGDP00895,0.1008753917538672,0.12508064272086986,-0.31626146237434105,Russian,Europe
HGDP00896,0.10075957269021826,0.12849171401941833,-0.3121198339150275,Russian,Europe
HGDP00897,0.10172617337301765,0.1316330499189961,-0.3200256438435534,Russian,Europe
HGDP00898,0.10003353384245253,0.13489277082321458,-0.3184951177872363,Russian,Europe
HGDP00899,0.10607615745693055,0.12738111147594944,-0.316834041991122,Russian,Europe
HGDP00900,0.10638871417926396,0.13041603520587672,-0.32130266461255247,Russian,Europe
HGDP00901,0.0998468904064306,0.13059984947744507,-0.32487367991754734,Russian,Europe
HGDP00902,0.10160028681210814,0.12943139260089184,-0.32100388938334695,Russian,Europe
HGDP00903,0.10370378242353145,0.12543340957479943,-0.3159370490241461,Russian,Europe
HGDP00904,0.10468967119998501,0.13007870712788513,-0.3126255744708506,Mandenka,West Africa
HGDP00905,0.10394348759130767,0.12812504966625846,-0.313649460397463,Mandenka,West Africa
HGDP00906,0.10059133332477804,0.13135111091461849,-0.3136338439824888,Mandenka,West Africa
HGDP00907,0.10019978637255689,0.1315065172018454,-0.3136383492435896,Mandenka,West Africa
HGDP00908,0.10332593015557878,0.13077964972505135,-0.31459165494998026,Mandenka,West Africa
HGDP00909,0.10021547780005755,0.13166177320807715,-0.3163352935660876,Mandenka,West Africa
HGDP00910,0.10179207342413246,0.13119899272644783,-0.3161873285722857,Mandenka,West Africa
HGDP00911,0.10321505715187118,0.13060412966430418,-0.31503916755593336,Mandenka,West Africa
HGDP00912,0.10207239722954123,0.1286598883915563,-0.31449474443223047,Mandenka,West Africa
HGDP00913,0.10007190516187012,0.1291650638022423,-0.31411773670239257,Mandenka,West Africa
HGDP00914,0.10257947046080265,0.1305784793233083,-0.31394200530160327,Mandenka,West Africa
HGDP00915,0.10038565285201567,0.13221657834463638,-0.31415940632237643,Mandenka,West Africa
HGDP00917,0.09916067283201166,0.12939166822813938,-0.31407102021140454,Mandenka,West Africa
HGDP00918,0.1048006144646439,0.12997260842698438,-0.31290365928618014,Mandenka,West Africa
HGDP00920,0.10040728681869063,0.127021334494285,-0.31582430181636256,Yoruba,West Africa
HGDP00924,0.10159298595418306,0.12856611449084218,-0.31362774024484713,Yoruba,West Africa
HGDP00925,0.10257947046080265,0.1305784793233083,-0.31394200530160327,Yoruba,West Africa
HGDP00926,0.10179207342413246,0.13119899272644783,-0.3161873285722857,Yoruba,West Africa
HGDP00928,0.10142239496974442,0.13231176606349548,-0.3165736403739517,Yoruba,West Africa
HGDP00929,0.10179131991195028,0.12860764076079662,-0.31427940206282245,Yoruba,West Africa
HGDP00930,0.10278255044617748,0.1304703669807862,-0.3135923627534506,Yoruba,West Africa
HGDP00931,0.10011999936295468,0.12923662165686012,-0.31470077289179255,Yoruba,West Africa
HGDP00932,0.10190415712323084,0.1287919151854681,-0.314842831855509,Yoruba,West Africa
HGDP00933,0.09994972466428334,0.13188916103263412,-0.31596864451138895,Yoruba,West Africa
HGDP00934,0.09924853618868915,0.12988149105544233,-0.3160764955412837,Yoruba,West Africa
HGDP00935,0.10027389495729758,0.13162233299040837,-0.31319246375701415,Yoruba,West Africa
HGDP00936,0.09994972466428334,0.13188916103263412,-0.31596864451138895,Yoruba,West Africa
HGDP00937,0.10033024803670385,0.13224885290869084,-0.3104547923221087,Yoruba,West Africa
HGDP00938,0.10242331520959774,0.12842079800602688,-0.31528511634363765,Yoruba,West Africa
HGDP00939,0.10207239722954123,0.1286598883915563,-0.31449474443223047,Yoruba,West Africa
HGDP00940,0.10278255044617748,0.1304703669807862,-0.3135923627534506,Yoruba,West Africa
HGDP00941,0.10007190516187012,0.1291650638022423,-0.31411773670239257,Yoruba,West Africa
HGDP00942,0.10202559004880968,0.13097194612586716,-0.316237508282952,Yoruba,West Africa
HGDP00943,0.10295732505916758,0.13057411310066633,-0.3151299241849028,Yoruba,West Africa
HGDP00944,0.10114159725547947,0.12894903507821326,-0.31377013385912017,Yoruba,West Africa
HGDP00945,0.10321871576195019,0.13176512983664287,-0.32288197212282377,Yakut,North-East Asia
HGDP00946,0.10056909190480925,0.13175821469388976,-0.32154376537874774,Yakut,North-East Asia
HGDP00947,0.09795942876123753,0.13083639379170414,-0.3185051893097747,Yakut,North-East Asia
HGDP00948,0.0996527022155477,0.13198709972012426,-0.3185526324044072,Yakut,North-East Asia
HGDP00950,0.09858529282466288,0.13030928015728366,-0.32093703111200467,Yakut,North-East Asia
HGDP00951,0.09613591418365361,0.128167641045524,-0.3216459750630389,Yakut,North-East Asia
HGDP00952,0.10335023099036353,0.1334714317160619,-0.3197640230552147,Yakut,North-East Asia
HGDP00954,0.09880108434809912,0.13055286900339108,-0.3184302861502476,Yakut,North-East Asia
HGDP00955,0.09991759046382778,0.1276564600143406,-0.32038145162718856,Yakut,North-East Asia
HGDP00956,0.10107557848767798,0.12960843307090275,-0.3202387837490346,Yakut,North-East Asia
HGDP00957,0.09912546544957218,0.13008145929206796,-0.32081841217571266,Yakut,North-East Asia
HGDP00958,0.09864746968433202,0.13308453295823386,-0.3153584018544218,Yakut,North-East Asia
HGDP00959,0.09597390730699906,0.13326652583761808,-0.32219587935283833,Yakut,North-East Asia
HGDP00960,0.10203775414511157,0.13131973270285408,-0.3212118937305024,Yakut,North-East Asia
HGDP00961,0.10126437038967415,0.13063705325314298,-0.3191650184118021,Yakut,North-East Asia
HGDP00962,0.09825792319332835,0.1307884083243772,-0.3183309995738244,Yakut,North-East Asia
HGDP00963,0.09837632436400229,0.13039166550287448,-0.3207169243848219,Yakut,North-East Asia
HGDP00964,0.09928632102676599,0.13019913285297258,-0.32945136436997596,Yakut,North-East Asia
HGDP00965,0.10148999649770396,0.132903943556976,-0.32367803980922544,Yakut,North-East Asia
HGDP00966,0.09779397706587131,0.13408430762768575,-0.3178273597762606,Yakut,North-East Asia
HGDP00967,0.099416428539262,0.1332179559076549,-0.3194507188544076,Yakut,North-East Asia
HGDP00968,0.1012209497199675,0.1273644630653836,-0.3177754798622522,Yakut,North-East Asia
HGDP00969,0.0984579144628793,0.13092705643694993,-0.3196268033067156,Yakut,North-East Asia
HGDP00970,0.09982425400205008,0.13283445773043512,-0.319399737137044,Colombian,South America
HGDP00971,0.10235213993514022,0.13263869662112276,-0.3264843248299114,Han,East Asia
HGDP00972,0.09941429689524672,0.13059431730801024,-0.3194896816372017,Han,East Asia
HGDP00973,0.10056909190480925,0.13175821469388974,-0.32154376537874774,Han,East Asia
HGDP00975,0.10068040544660353,0.1289920082381693,-0.3225900673374198,Han,East Asia
HGDP00976,0.10064638761257769,0.1316716438640925,-0.32418059793307485,Han,East Asia
HGDP00977,0.10120684092680546,0.12742148442922438,-0.3239838593353387,Han,East Asia
HGDP00982,0.10257947046080265,0.1305784793233083,-0.31394200530160327,MbutiPygmy,Central Africa
HGDP00984,0.10059133332477804,0.13135111091461849,-0.3136338439824888,MbutiPygmy,Central Africa
HGDP00985,0.10616292098325339,0.1313687653602233,-0.31753027497972625,BiakaPygmy,Central Africa
HGDP00986,0.10374327929376326,0.12826435521546484,-0.31386793508169564,BiakaPygmy,Central Africa
HGDP00987,0.10186521687924949,0.13170703210856308,-0.3154757272388128,San,South Africa
HGDP00991,0.10064900121444534,0.1274910133011476,-0.3166672119497158,San,South Africa
HGDP00994,0.10351986498811494,0.1306385870349648,-0.3172772179269665,BantuSouthAfrica,South Africa
HGDP00995,0.10083836423207929,0.12701200397489193,-0.31871978145948404,Karitiana,South America
HGDP00999,0.0998870305924717,0.1318143506833912,-0.31639271481393166,Karitiana,South America
HGDP01010,0.10056909190480925,0.13175821469388976,-0.32154376537874774,Karitiana,South America
HGDP01012,0.09945445221187912,0.12980165916000228,-0.31701260496088435,Karitiana,South America
HGDP01014,0.10008973036208715,0.12667877399641447,-0.3230208070835737,Karitiana,South America
HGDP01015,0.09928349066609388,0.1307127081132789,-0.31915291631342324,Karitiana,South America
HGDP01018,0.10015203812989162,0.13177409244112737,-0.31828242463803774,Karitiana,South America
HGDP01019,0.09966207773156363,0.13226011376748237,-0.3233210180214137,Karitiana,South America
HGDP01021,0.1001651009278546,0.12986272540184052,-0.32155954263236347,Han,East Asia
HGDP01023,0.1001651009278546,0.12986272540184052,-0.32155954263236347,Han,East Asia
HGDP01024,0.09966207773156363,0.13226011376748237,-0.3233210180214137,Han,East Asia
HGDP01027,0.1005536483583663,0.1269896687236707,-0.3236287360984601,Melanesian,Oceania
HGDP01028,0.10321505715187118,0.13060412966430418,-0.31503916755593336,BantuSouthAfrica,South Africa
HGDP01031,0.1015555951442566,0.12921397013492836,-0.31655120960547733,BantuSouthAfrica,South Africa
HGDP01032,0.10458363730282405,0.13015156141769807,-0.3131281820686793,San,South Africa
HGDP01033,0.10249998765106366,0.13084115556631898,-0.31334839894942434,BantuSouthAfrica,South Africa
HGDP01034,0.10259680279919464,0.12837310758781018,-0.314869548626068,BantuSouthAfrica,South Africa
HGDP01035,0.1035745909912634,0.1281624013910309,-0.31358380654857193,BantuSouthAfrica,South Africa
HGDP01036,0.10183552673335311,0.1292932702899789,-0.31753626833524445,San,South Africa
HGDP01037,0.10435252773024817,0.13144965948163131,-0.32115274842022995,Pima,North America
HGDP01044,0.10543656021514597,0.12958349785323717,-0.32377307204848493,Pima,North America
HGDP01047,0.09880108434809912,0.13055286900339108,-0.3184302861502476,Pima,North America
HGDP01051,0.1035101195339169,0.13317798842258127,-0.321995944010446,Pima,North America
HGDP01053,0.10220369941163723,0.13112422035799942,-0.320989481706778,Pima,North America
HGDP01055,0.1008023969951895,0.1359797397544859,-0.3265523008970499,Pima,North America
HGDP01056,0.10175046007419986,0.13210344571742882,-0.3200072630574349,Pima,North America
HGDP01057,0.10011714843675831,0.12726254138392376,-0.3270869788705511,Pima,North America
HGDP01058,0.10255707767414968,0.13193450580742946,-0.32315247553794363,Pima,North America
HGDP01059,0.10203775414511157,0.13131973270285408,-0.3212118937305024,Pima,North America
HGDP01060,0.09923959546037944,0.12816247050793822,-0.3221115004605656,Pima,North America
HGDP01062,0.10135944030235178,0.12603052431326411,-0.32114406407889007,Sardinian,Europe
HGDP01063,0.10314752942641484,0.12603108690906642,-0.31362961418665497,Sardinian,Europe
HGDP01064,0.10156284244090177,0.12900742956912045,-0.318593687218721,Sardinian,Europe
HGDP01065,0.10444379544420498,0.12777881671090496,-0.317503783558109,Sardinian,Europe
HGDP01066,0.10518685865851637,0.12467038873669282,-0.3155185545092735,Sardinian,Europe
HGDP01067,0.10478564562077114,0.12915137863866447,-0.323180248851567,Sardinian,Europe
HGDP01068,0.10295858900129129,0.12835898438716492,-0.3246335077283299,Sardinian,Europe
HGDP01069,0.10582568569955286,0.1266614107603235,-0.32008973553707,Sardinian,Europe
HGDP01070,0.10065748251316267,0.12631067117793532,-0.3223657194456772,Sardinian,Europe
HGDP01072,0.10429163002675201,0.12727248863463092,-0.31550187649769024,Sardinian,Europe
HGDP01073,0.1013166047756876,0.12739809866284696,-0.32004907678792915,Sardinian,Europe
HGDP01074,0.10416562323972209,0.12802058396327767,-0.32154508391401704,Sardinian,Europe
HGDP01075,0.10433853728767806,0.12414590008995996,-0.32418388541447785,Sardinian,Europe
HGDP01076,0.10076784813735998,0.12837607392011566,-0.31371370935772636,Sardinian,Europe
HGDP01077,0.10195109275269162,0.12626028628008823,-0.3218143381126105,Sardinian,Europe
HGDP01078,0.10207947434519546,0.12499861966205399,-0.3210384305874711,Sardinian,Europe
HGDP01079,0.10372647671491073,0.13135737087395208,-0.32109720652058393,Sardinian,Europe
HGDP01081,0.100893072404515,0.12654896052834552,-0.3140877716233906,MbutiPygmy,Central Africa
HGDP01086,0.1041049668109823,0.13088389902878625,-0.3153181369368056,BiakaPygmy,Central Africa
HGDP01090,0.10257947046080265,0.1305784793233083,-0.31394200530160327,BiakaPygmy,Central Africa
HGDP01094,0.10480061446464387,0.12997260842698438,-0.31290365928618014,BiakaPygmy,Central Africa
HGDP01095,0.09965129161989447,0.12904527544763922,-0.32587737907042064,Tujia,East Asia
HGDP01096,0.10092121956679678,0.13038531758861116,-0.32437507417227035,Tujia,East Asia
HGDP01098,0.10333813849795817,0.13119447544884066,-0.32550873633131266,Tujia,East Asia
HGDP01099,0.10228736622206405,0.1291797855311789,-0.32558141155247494,Tujia,East Asia
HGDP01100,0.09895661799957645,0.13284184177399555,-0.3238472999355495,Tujia,East Asia
HGDP01101,0.10332162206683113,0.13386517557933947,-0.32059750168694634,Tujia,East Asia
HGDP01102,0.09941282028555531,0.13268891939682265,-0.31805402910782765,Tujia,East Asia
HGDP01103,0.10179220130447897,0.12704740651507773,-0.32406075233497483,Tujia,East Asia
HGDP01104,0.09948009490106485,0.12628057059471276,-0.32244368784796207,Tujia,East Asia
HGDP01147,0.10413691102562328,0.1262214121300578,-0.32415597731169055,Italian,Europe
HGDP01151,0.10196233586641784,0.1289297872709495,-0.31962274666933366,Italian,Europe
HGDP01152,0.1036184262337343,0.12577828560992987,-0.3196238459362698,Italian,Europe
HGDP01153,0.10353492373786244,0.12851720896288635,-0.319244769361423,Italian,Europe
HGDP01155,0.10386331990832579,0.12566994851944546,-0.3222290733789182,Italian,Europe
HGDP01156,0.10526212402640092,0.12817044471251135,-0.3204570328859506,Italian,Europe
HGDP01157,0.1000724325538778,0.1258240825787915,-0.3221588640380195,Italian,Europe
HGDP01161,0.10333348591827815,0.1252127461821557,-0.32102963379172916,Tuscan,Europe
HGDP01162,0.10325976234329953,0.12436508386312115,-0.322833206424734,Tuscan,Europe
HGDP01163,0.10098547834544025,0.12772412193579963,-0.32159170930572883,Tuscan,Europe
HGDP01166,0.10242812439554172,0.12566058738256564,-0.32037698656259855,Tuscan,Europe
HGDP01167,0.10311362947822944,0.12660121122508597,-0.3218907659011386,Tuscan,Europe
HGDP01168,0.101723569779651,0.12728094741066523,-0.31977602004966865,Tuscan,Europe
HGDP01169,0.10172617337301765,0.1316330499189961,-0.3200256438435534,Tuscan,Europe
HGDP01171,0.10212101974630416,0.12911353525626512,-0.32339317476371104,Italian,Europe
HGDP01172,0.1022824335457487,0.13147966620639895,-0.3244405682796724,Italian,Europe
HGDP01173,0.10159011577015359,0.12898343099984977,-0.3188103910356119,Italian,Europe
HGDP01177,0.10142628190808844,0.12951732686125192,-0.3212402177026142,Italian,Europe
HGDP01179,0.09750903702610661,0.1284030995079611,-0.3213347647441537,Yi,East Asia
HGDP01180,0.10004908890303749,0.12980276051709236,-0.3269272632320453,Yi,East Asia
HGDP01181,0.09773760274372467,0.12569141113494472,-0.3251797524388446,Yi,East Asia
HGDP01182,0.10104420751464577,0.12954373410384476,-0.323315195465679,Yi,East Asia
HGDP01183,0.10068040544660353,0.1289920082381693,-0.3225900673374198,Yi,East Asia
HGDP01184,0.099140591617073,0.12789070588551235,-0.32206686068836077,Yi,East Asia
HGDP01185,0.0985619107182385,0.13027327305161007,-0.3237253520601564,Yi,East Asia
HGDP01186,0.09977457573357904,0.12942995393784376,-0.3191961232122171,Yi,East Asia
HGDP01187,0.10062084112785727,0.12961069471451497,-0.3266770384789113,Yi,East Asia
HGDP01188,0.09991759046382778,0.1276564600143406,-0.32038145162718856,Yi,East Asia
HGDP01189,0.10045656781774889,0.1297385451623771,-0.3268120045167042,Miao,East Asia
HGDP01190,0.09927730360453818,0.13227486404187208,-0.3234416021741768,Miao,East Asia
HGDP01191,0.09927730360453818,0.13227486404187208,-0.3234416021741768,Miao,East Asia
HGDP01192,0.1029273735068881,0.13121839571173527,-0.3208862636309688,Miao,East Asia
HGDP01193,0.09979068973793487,0.1297302513653718,-0.3169936690960433,Miao,East Asia
HGDP01194,0.09775632285959607,0.12831388435763794,-0.32114531944837843,Miao,East Asia
HGDP01195,0.09941274768059757,0.12789629475552872,-0.3245205826262324,Miao,East Asia
HGDP01196,0.10037881644521932,0.12930152616012472,-0.32018444770872573,Miao,East Asia
HGDP01197,0.10002775717651577,0.13187360019854352,-0.31844628473819164,Miao,East Asia
HGDP01198,0.09988918401124508,0.12978540508615152,-0.32446843913999596,Miao,East Asia
HGDP01199,0.10257947046080265,0.1305784793233083,-0.31394200530160327,Mandenka,West Africa
HGDP01200,0.10130832386994232,0.13164889426775828,-0.3141165516841276,Mandenka,West Africa
HGDP01202,0.10030709221452141,0.12913272460444705,-0.31527128922224557,Mandenka,West Africa
HGDP01203,0.10267026590101602,0.1326493150972844,-0.3219313242312804,Oroqen,East Asia
HGDP01204,0.1042652734729548,0.12863520458063757,-0.3237020407789033,Oroqen,East Asia
HGDP01205,0.09912546544957218,0.13008145929206796,-0.32081841217571266,Oroqen,East Asia
HGDP01206,0.10155730720881298,0.12934690084647327,-0.3242325318484513,Oroqen,East Asia
HGDP01207,0.09977457573357904,0.12942995393784376,-0.3191961232122171,Oroqen,East Asia
HGDP01208,0.09988554202334626,0.12967413697700725,-0.324039342319106,Oroqen,East Asia
HGDP01209,0.09835262609601123,0.1283030544012336,-0.3209941113640909,Oroqen,East Asia
HGDP01211,0.09775643247518037,0.12770064474921708,-0.3264154185840987,Oroqen,East Asia
HGDP01213,0.09897418552675719,0.12760029396234648,-0.3248288910489135,Daur,East Asia
HGDP01215,0.1001651009278546,0.12986272540184052,-0.32155954263236347,Daur,East Asia
HGDP01217,0.09913041719074558,0.13038369460016258,-0.31745829771578404,Daur,East Asia
HGDP01218,0.09786982630445962,0.12816777584087738,-0.3209420576921457,Daur,East Asia
HGDP01220,0.09914328728687483,0.1277693404564902,-0.3249013081192806,Daur,East Asia
HGDP01221,0.09889267307255362,0.1302830053460855,-0.32077939210355577,Daur,East Asia
HGDP01222,0.098873618343438,0.12941319036958285,-0.32185769032686923,Daur,East Asia
HGDP01223,0.10070686168626308,0.129607786627894,-0.32617311876942856,Mongola,East Asia - tentative
HGDP01225,0.10024475244732514,0.13038489869142045,-0.324257841919116,Mongola,East Asia - tentative
HGDP01227,0.09995447621632733,0.12707000870572113,-0.3229915433690163,Mongola,East Asia - tentative
HGDP01228,0.10110358068380113,0.13216711903965886,-0.3269811882559808,Mongola,East Asia - tentative
HGDP01229,0.09765856871318623,0.1309518975500641,-0.32310641516705124,Mongola,East Asia - tentative
HGDP01231,0.09835262609601123,0.1283030544012336,-0.3209941113640909,Mongola,East Asia - tentative
HGDP01232,0.09967957827226012,0.12752923356371293,-0.32068245940152,Mongola,East Asia - tentative
HGDP01233,0.10032385747346409,0.1297434398993099,-0.3272739335627086,Hezhen,North-East Asia
HGDP01234,0.10179925553072025,0.12927170565022159,-0.32391911685348634,Hezhen,North-East Asia
HGDP01236,0.10160028681210814,0.12943139260089184,-0.32100388938334695,Hezhen,North-East Asia
HGDP01237,0.09937855170232776,0.13246311684024195,-0.3205911624798496,Hezhen,North-East Asia
HGDP01238,0.09946629608258098,0.13213947608448018,-0.32061479610902455,Hezhen,North-East Asia
HGDP01239,0.09922085560830804,0.1277388393331304,-0.31928528817418717,Hezhen,North-East Asia
HGDP01240,0.0999793736702296,0.1305125329496941,-0.3170024900852196,Hezhen,North-East Asia
HGDP01241,0.09909748338267257,0.130061371294174,-0.32332300595148095,Hezhen,North-East Asia
HGDP01242,0.09814521883726268,0.13080198474844593,-0.3227924841695651,Hezhen,North-East Asia
HGDP01244,0.09859044336860939,0.13038509062939435,-0.3175896163306187,Xibo,East Asia
HGDP01245,0.09655022716153439,0.13105389582042035,-0.3211059571095958,Xibo,East Asia
HGDP01246,0.10021547780005755,0.13166177320807715,-0.3163352935660876,Xibo,East Asia
HGDP01247,0.09982225986525287,0.12553760603127273,-0.31773121524097714,Xibo,East Asia
HGDP01248,0.09993167289076191,0.12874315730724503,-0.316428863994398,Xibo,East Asia
HGDP01249,0.09831750148638754,0.1276335533012118,-0.3193942754786276,Xibo,East Asia
HGDP01250,0.10184677009178478,0.12935709981189097,-0.3228577273941992,Xibo,East Asia
HGDP01253,0.09972663245927721,0.12984946318323076,-0.3175595487109631,Mozabite,North Africa
HGDP01254,0.10329785477544604,0.12862337906271576,-0.3209650702875218,Mozabite,North Africa
HGDP01255,0.1037823561522454,0.12801848851158562,-0.31337162641709954,Mozabite,North Africa
HGDP01256,0.10183984491597323,0.12894725222717968,-0.3197497004866267,Mozabite,North Africa
HGDP01257,0.09874712999980123,0.12592307356275748,-0.3143007280479275,Mozabite,North Africa
HGDP01258,0.10159011577015359,0.12898343099984977,-0.3188103910356119,Mozabite,North Africa
HGDP01259,0.1024953395965463,0.1261876922797435,-0.32145390756813386,Mozabite,North Africa
HGDP01260,0.10174419550413016,0.12875982406711264,-0.31420165026763264,Mozabite,North Africa
HGDP01261,0.10190675156953352,0.12920803392485963,-0.31788513341291225,Mozabite,North Africa
HGDP01262,0.10193296071878977,0.1286013215283333,-0.3138530048322304,Mozabite,North Africa
HGDP01263,0.10348816900214636,0.12857702103624866,-0.321139878926734,Mozabite,North Africa
HGDP01264,0.10100776948553655,0.12740130177583114,-0.31892987123632854,Mozabite,North Africa
HGDP01265,0.107647078288411,0.1299776276986739,-0.3178870362235835,Mozabite,North Africa
HGDP01268,0.10599255428218543,0.12662587330077865,-0.31389149718683196,Mozabite,North Africa
HGDP01269,0.09866601191198707,0.1275864338068079,-0.3192274303129677,Mozabite,North Africa
HGDP01272,0.10469159320481541,0.1275655610755791,-0.32058751003146063,Mozabite,North Africa
HGDP01273,0.10127146069418189,0.12926608995260294,-0.31642558389787967,Mozabite,North Africa
HGDP01274,0.10329908812287689,0.131000644575568,-0.3145675371038198,Mozabite,North Africa
HGDP01275,0.101723569779651,0.12728094741066523,-0.31977602004966865,Mozabite,North Africa
HGDP01276,0.10434842989101095,0.12817228915540224,-0.31518493743315884,Mozabite,North Africa
HGDP01277,0.10348729165765094,0.12626308467361522,-0.3167404289333755,Mozabite,North Africa
HGDP01278,0.10226211421138079,0.12614456853292477,-0.31797847578961114,Mozabite,North Africa
HGDP01279,0.10236854238051474,0.12854173552495848,-0.3222398806960832,Mozabite,North Africa
HGDP01280,0.10535155007153948,0.13000784919643962,-0.3215098870330551,Mozabite,North Africa
HGDP01282,0.1031352281267317,0.12608537112937926,-0.3187138288362436,Mozabite,North Africa
HGDP01283,0.10092901517171007,0.1318651017394427,-0.31410214637638467,Mandenka,West Africa
HGDP01284,0.10480061446464387,0.12997260842698438,-0.31290365928618014,Mandenka,West Africa
HGDP01286,0.10229415213425633,0.1307643601016525,-0.3137523490776796,Mandenka,West Africa
HGDP01287,0.09967957827226012,0.12752923356371293,-0.32068245940152,Han-NChina,East Asia
HGDP01288,0.09836518222146201,0.13015803141672386,-0.3236730993217428,Han-NChina,East Asia
HGDP01289,0.09941274768059757,0.12789629475552874,-0.3245205826262324,Han-NChina,East Asia
HGDP01290,0.09923959546037944,0.12816247050793822,-0.3221115004605656,Han-NChina,East Asia
HGDP01291,0.0987752507050382,0.1279668713421125,-0.3222034028166894,Han-NChina,East Asia
HGDP01292,0.09988554202334626,0.12967413697700725,-0.324039342319106,Han-NChina,East Asia
HGDP01293,0.09935756553933162,0.12739037737443346,-0.32776900436549766,Han-NChina,East Asia
HGDP01294,0.10033769837438852,0.12962245194660793,-0.3241508381622634,Han-NChina,East Asia
HGDP01295,0.0992103223362377,0.12928449206597378,-0.3217687666826979,Han-NChina,East Asia
HGDP01296,0.09941274768059757,0.12789629475552874,-0.3245205826262324,Han-NChina,East Asia
HGDP01297,0.10247871796151262,0.12846613981738145,-0.32200068634710804,Uygur,Central Asia
HGDP01298,0.10089751064895555,0.12734697969747508,-0.3218352903603238,Uygur,Central Asia
HGDP01299,0.103352155702649,0.1307843209287317,-0.32245334331368436,Uygur,Central Asia
HGDP01300,0.10190675156953352,0.12920803392485963,-0.31788513341291225,Uygur,Central Asia
HGDP01301,0.10451264476903765,0.12789233650239265,-0.32203690461007267,Uygur,Central Asia
HGDP01302,0.09967957827226012,0.12752923356371293,-0.32068245940152,Uygur,Central Asia
HGDP01303,0.10159011577015359,0.12898343099984977,-0.3188103910356119,Uygur,Central Asia
HGDP01304,0.10251697900228698,0.13057713075934807,-0.3194932551347598,Uygur,Central Asia
HGDP01306,0.1017051026633155,0.1292695141843327,-0.3178335240802417,Uygur,Central Asia
HGDP01307,0.10068040544660353,0.1289920082381693,-0.3225900673374198,Dai,East Asia
HGDP01308,0.09851094221794698,0.12972728426376653,-0.32612041635770483,Dai,East Asia
HGDP01309,0.09937855170232776,0.13246311684024195,-0.3205911624798496,Dai,East Asia
HGDP01310,0.10084763145171927,0.12965839837431034,-0.322787111683213,Dai,East Asia
HGDP01311,0.10070686168626308,0.129607786627894,-0.32617311876942856,Dai,East Asia
HGDP01312,0.10010606394561647,0.13158819257891724,-0.3186532553425751,Dai,East Asia
HGDP01313,0.09909748338267257,0.130061371294174,-0.32332300595148095,Dai,East Asia
HGDP01314,0.10064638761257769,0.1316716438640925,-0.32418059793307485,Dai,East Asia
HGDP01315,0.09946629608258101,0.13213947608448018,-0.32061479610902455,Dai,East Asia
HGDP01316,0.09880108434809912,0.13055286900339105,-0.3184302861502476,Dai,East Asia
HGDP01317,0.10056909190480925,0.13175821469388974,-0.32154376537874774,Lahu,East Asia
HGDP01318,0.10096455356538789,0.13303830773497718,-0.32409454604168475,Lahu,East Asia
HGDP01320,0.09692417127262984,0.12647239992204012,-0.3209298693447962,Lahu,East Asia
HGDP01321,0.10024475244732514,0.13038489869142045,-0.324257841919116,Lahu,East Asia
HGDP01322,0.09982425400205008,0.13283445773043512,-0.319399737137044,Lahu,East Asia
HGDP01323,0.0987692152136336,0.12799769191907734,-0.31690817218167244,Lahu,East Asia
HGDP01326,0.09946207786671882,0.12942811586004993,-0.3185252544257639,Lahu,East Asia
HGDP01327,0.1021218217450938,0.12830523950227254,-0.3167588888304248,She,East Asia
HGDP01328,0.10412988905214163,0.12786500416834332,-0.32358771369756106,She,East Asia
HGDP01329,0.10068040544660353,0.1289920082381693,-0.3225900673374198,She,East Asia
HGDP01330,0.09590949895211676,0.12956531158244597,-0.32153393007861725,She,East Asia
HGDP01331,0.09963440029369738,0.12919613361616353,-0.32161861898275534,She,East Asia
HGDP01332,0.10110358068380113,0.13216711903965886,-0.3269811882559808,She,East Asia
HGDP01333,0.10116996446327411,0.13265508826316783,-0.32363008938025317,She,East Asia
HGDP01334,0.1001651009278546,0.12986272540184052,-0.32155954263236347,She,East Asia
HGDP01335,0.10134178233309216,0.12943520087841182,-0.3229951630956997,She,East Asia
HGDP01336,0.09968447551958617,0.12669463164110475,-0.3231690952189546,She,East Asia
HGDP01337,0.09822432011078994,0.12737973225538812,-0.31904609730364386,Naxi,East Asia
HGDP01338,0.0979131236202683,0.12804123699121966,-0.32375583310855743,Naxi,East Asia
HGDP01340,0.09834445199457748,0.13029313616397992,-0.32645737524828616,Naxi,East Asia
HGDP01341,0.09829188989508472,0.13103122851057097,-0.3192885191606524,Naxi,East Asia
HGDP01342,0.09868771282013528,0.12798292027481836,-0.325170359992781,Naxi,East Asia
HGDP01344,0.0979131236202683,0.12804123699121966,-0.32375583310855743,Naxi,East Asia
HGDP01345,0.1019178302735883,0.1325140620102039,-0.3216961871759825,Naxi,East Asia
HGDP01347,0.10064638761257769,0.1316716438640925,-0.32418059793307485,Tu,East Asia
HGDP01348,0.0980688240798202,0.12837587459380542,-0.32117164740304965,Tu,East Asia
HGDP01349,0.09959098953937362,0.12710055811443707,-0.32315867776284046,Tu,East Asia
HGDP01350,0.10104420751464577,0.12954373410384476,-0.32331519546567905,Tu,East Asia
HGDP01351,0.09984204886087253,0.13013815575768883,-0.32946402345029663,Tu,East Asia
HGDP01352,0.09835545947099145,0.12351394712813753,-0.3223976347895204,Tu,East Asia
HGDP01353,0.09988554202334626,0.12967413697700725,-0.324039342319106,Tu,East Asia
HGDP01354,0.09891210017309424,0.1282153529696848,-0.3222628385667246,Tu,East Asia
HGDP01355,0.09957402315363398,0.12949475688127612,-0.31894009992071276,Tu,East Asia
HGDP01357,0.10332810884042595,0.12954289144933487,-0.31843086909911666,Basque,Europe
HGDP01358,0.10597925336210037,0.1304183410466473,-0.3210180299391146,Basque,Europe
HGDP01359,0.10744748962100065,0.1295313230693563,-0.31773141090814194,Basque,Europe
HGDP01360,0.10461813330297803,0.12507729163236214,-0.3180803927120431,Basque,Europe
HGDP01362,0.10601283645492021,0.12851732345229547,-0.31793877619780664,Basque,Europe
HGDP01363,0.10416966006947476,0.13003414410576625,-0.32132579808507106,Basque,Europe
HGDP01364,0.10236438220259125,0.12597744644496417,-0.3247612570923864,Basque,Europe
HGDP01365,0.1070544515317168,0.1294567888839697,-0.31965562630630046,Basque,Europe
HGDP01366,0.10709701993517287,0.1299639991289553,-0.32353376435260056,Basque,Europe
HGDP01367,0.09749614155390121,0.12857029774306397,-0.31849000404628064,Basque,Europe
HGDP01368,0.1038201649540006,0.13108330720874867,-0.32078540096136365,Basque,Europe
HGDP01370,0.10693124228973402,0.12934857416634885,-0.3193387467804213,Basque,Europe
HGDP01371,0.10223353806496088,0.1292508986408472,-0.32628538619946396,Basque,Europe
HGDP01373,0.1055666537722097,0.13253953605768032,-0.3216541746784481,Basque,Europe
HGDP01374,0.10281589779456615,0.1262806743391885,-0.31823455540591944,Basque,Europe
HGDP01375,0.10360901554818089,0.1291633512212047,-0.3211396108427931,Basque,Europe
HGDP01377,0.09947212330061955,0.12746115144908585,-0.3247605802728568,Basque,Europe
HGDP01378,0.10442217093061379,0.124436248585465,-0.32047021086764044,Basque,Europe
HGDP01379,0.106063150570642,0.1241776312063446,-0.3249919334407426,Basque,Europe
HGDP01380,0.10079558218387416,0.1299520484029552,-0.32042586200601375,Basque,Europe
HGDP01381,0.09993140214031565,0.12607067885725598,-0.3184111639158388,Adygei,Central Asia
HGDP01382,0.10610822783287086,0.12773433490145805,-0.3154124082331578,Adygei,Central Asia
HGDP01383,0.10226211421138079,0.12614456853292477,-0.31797847578961114,Adygei,Central Asia
HGDP01385,0.10225116222803965,0.1286072885950927,-0.32163013396163725,Adygei,Central Asia
HGDP01386,0.10310254388359572,0.1260953189732556,-0.3179813270607641,Adygei,Central Asia
HGDP01387,0.10444379544420498,0.12777881671090496,-0.317503783558109,Adygei,Central Asia
HGDP01396,0.10401381309361754,0.12942896210916394,-0.3181722920376048,Adygei,Central Asia
HGDP01397,0.1021898383785651,0.12687076351664497,-0.31357898712484356,Adygei,Central Asia
HGDP01398,0.09876264802567136,0.12781729717013995,-0.31649153068875024,Adygei,Central Asia
HGDP01399,0.10326987918548974,0.1288427101855934,-0.3158436727852701,Adygei,Central Asia
HGDP01400,0.10207947434519546,0.12499861966205399,-0.3210384305874711,Adygei,Central Asia
HGDP01401,0.10029407924982264,0.13173606446703626,-0.3159210774039068,Adygei,Central Asia
HGDP01402,0.0998288085250941,0.13202663075836604,-0.316075809317944,Adygei,Central Asia
HGDP01403,0.10094981811917086,0.12613986033310381,-0.3215863282990552,Adygei,Central Asia
HGDP01404,0.10217016926743336,0.128236983418083,-0.3213526518813928,Adygei,Central Asia
HGDP01405,0.09969486810717493,0.12920926150955536,-0.3140676717863551,BantuKenya,Central Africa
HGDP01406,0.09788054347421282,0.1280125688290794,-0.3167965646904694,BantuKenya,Central Africa
HGDP01408,0.10112358929967247,0.1316466683033659,-0.3145374712651206,BantuKenya,Central Africa
HGDP01411,0.10030709221452141,0.12913272460444705,-0.31527128922224557,BantuKenya,Central Africa
HGDP01414,0.10174419550413016,0.12875982406711264,-0.31420165026763264,BantuKenya,Central Africa
HGDP01415,0.10329908812287689,0.131000644575568,-0.3145675371038198,BantuKenya,Central Africa
HGDP01416,0.10207239722954123,0.1286598883915563,-0.31449474443223047,BantuKenya,Central Africa
HGDP01417,0.09932267853562765,0.13239492348932078,-0.31150689115416086,BantuKenya,Central Africa
HGDP01418,0.10278255044617748,0.1304703669807862,-0.3135923627534506,BantuKenya,Central Africa
HGDP01419,0.10257947046080265,0.1305784793233083,-0.31394200530160327,BantuKenya,Central Africa
