,x,y
Acanaloniidae,-8.83421040402522,204.58586162673532
Acanthametropodidae,-259.8215531811465,-193.54926337182474
Acanthocnemidae,239.50924115632068,31.967605648432947
Acanthopidae-1,-236.49115490984929,95.64384492219301
Acanthopidae-2,-256.73653750856033,99.93774532634906
Acanthopteroctetidae,-28.50423569587325,-171.0461030862367
Acanthosomatidae-1,53.81333290953048,245.80989776983694
Acanthosomatidae-2,49.21249490234639,243.63966080630468
Acanthosomatidae-3,60.33067382220972,242.74191596376488
Acartophthalmidae,123.80165466003074,-213.43377837637237
Achilidae,-23.230688697807196,202.13243970160696
Achilixiidae,-5.898841178159288,197.04044270748713
Aclerdidae,-57.048481352045854,246.66246515809058
Acrididae-1,-283.0645534563573,2.396706607826144
Acrididae-10,-264.2116346320185,6.771578058495368
Acrididae-11,-263.03630763051524,4.745874989952398
Acrididae-12,-260.07282545253645,11.304900330818318
Acrididae-13,-261.00985273676616,6.199782538422937
Acrididae-14,-257.8681731060724,5.3516147922719375
Acrididae-15,-257.27695487472596,8.072703845829045
Acrididae-16,-257.61351271558334,7.0920381258035965
Acrididae-17,-259.5765615846729,7.66597710435658
Acrididae-18,-258.499752000922,10.56026955789312
Acrididae-19,-260.9829750467754,9.703371688626074
Acrididae-2,-237.13499774623148,6.732995159345894
Acrididae-20,-258.99647607882434,3.9681863858929445
Acrididae-21,-266.9985625856504,4.671134238679231
Acrididae-22,-266.2087460876744,3.2333329102716672
Acrididae-3,-283.0764122022908,11.97164132449743
Acrididae-4,-269.9507242459414,4.933143777284716
Acrididae-5,-268.02042908781516,11.895212867457559
Acrididae-6,-268.91240766408794,8.529254463222955
Acrididae-7,-263.8310900617803,11.975044203517516
Acrididae-8,-262.1241470118193,12.151861583606344
Acrididae-9,-262.1250942850089,2.879183931906457
Acroceridae,96.86186211441166,-181.0416602216407
Acrolophidae,-39.67800139805808,-222.7712369888588
Adelgidae,-72.38127419733668,206.1579550397778
Adelidae,-45.823314754897076,-176.18127784010787
Aderidae,234.15171917185938,-68.59073379716784
Aeolothripidae,-100.46175125257338,176.87784265267274
Aeshnidae-1,-209.88373810877096,-243.67028315638294
Aeshnidae-2,-211.63113252050837,-243.51152360984938
Aetalionidae,86.52119410097752,256.4682581378702
Agaonidae,-51.58088118675635,40.42017830549916
Agathemeridae,-254.68730731809617,-61.896220908189335
Agathiphagidae,0.25517292690800353,-171.3082851363515
Agromyzidae,130.74757685994263,-212.18788952283109
Agyrtidae,175.0460157759335,7.507807078550275
Aididae,-32.20068014266692,-220.23310357338534
Alexiidae,195.39808452864764,-24.731104069020766
Aleyrodidae,-83.24643914291079,213.32619752193702
Alucitidae,-3.177064657574671,-213.50802887598144
Alydidae,46.196549701509106,233.7118961878023
Ameletidae,-264.8199668167867,-187.75072230912954
Ameletopsidae,-229.7608247615732,230.4740012332101
Amelidae,-235.89548891942587,110.21772966220972
Ametropodidae,-266.1045963485274,-186.93968501032694
Amorphoscelidae-1,-242.52741280453156,112.9372658889826
Amorphoscelidae-2,-242.47590217067406,98.41976466770137
Amorphoscelidae-3,-243.6161275773085,98.38575490215578
Amorphoscelidae-4,-234.90134438995443,108.26553692939301
Amorphoscelidae-5,-236.00803944971827,80.65925030392724
Amphientomidae,180.48384528164073,212.81037402542265
Amphipsocidae,175.2478792696718,203.2734309233465
Amphizoidae,122.16135576062497,27.230095976723558
Amphyipterygidae,-221.86902640766436,-227.91064190007143
Ampulicidae,-9.49737126866698,83.7119335985885
Anaplectidae,-226.8797661746824,134.99195774349377
Anaxyelidae,-80.78553636847234,-5.018677032864509
Andesianidae,-54.308340517818166,-180.72555498682712
Andrenidae,-23.91038739878873,74.87192308138273
Anisacanthidae,-260.4050096183471,-70.40250992271515
Anischiidae,230.45340688802344,77.87777173860886
Anisembiidae,-227.06853354776047,-34.902735344226585
Anisolabididae,-216.6938507770713,163.8418885161081
Anisopodidae,135.47797993873522,-156.6403228836926
Anobiidae,208.30672272236257,24.383781486010054
Anoeciidae,-61.79479906526171,199.37338918945028
Anomalopsychidae-1,-19.156337096089242,-124.4055722145437
Anomalopsychidae-2,0.6259803954879392,-122.08356104161061
Anomoeotidae,-58.9998842305129,-209.5369254371673
Anostostomatidae,-290.38945988569765,-20.680515789027307
Anthelidae,-13.604498195263066,-231.45479729318882
Anthicidae,236.34402104540084,-71.97241451521434
Anthocoridae-1,29.498205241487014,252.66028392458256
Anthocoridae-2,62.3938241002037,262.429474233367
Anthocoridae-3,45.57409159866548,268.1635374844912
Anthocoridae-4,59.75511994347655,263.56575518986983
Anthocoridae-5,30.0198081168975,257.71663576699706
Anthomyiidae,128.92225562775215,-194.55845383459834
Anthomyzidae,144.39738672647528,-208.50247055226816
Anthribidae,241.46928328425744,-15.094596938573648
Apachyidae,-214.42626356811962,164.468862287061
Apataniidae,-50.15347019254294,-128.15970254918017
Apatelodidae,-18.88601739556373,-231.1788896798782
Aphelinidae,-49.16763680053726,34.103553905020824
Aphelocheiridae,0.7276297182046907,249.91542227478658
Aphididae-1,-65.01580651379558,207.24579093110523
Aphididae-2,-63.25854736481107,205.0412937831429
Aphididae-3,-65.61453663616274,198.41617819545408
Aphididae-4,-67.91283813952258,199.15075544152918
Aphididae-5,-73.26672018531215,202.90404115562583
Aphrophoridae-1,-29.1478862320818,268.46627331852153
Aphrophoridae-2,-33.73912651526777,266.64815634388026
Aphrophoridae-3,-35.35829340018875,261.3712113312572
Aphrophoridae-4,-36.437966703982816,263.7364884998964
Aphrophoridae-5,-30.758655415055586,264.89011373527876
Apidae,-21.778326815530853,83.63239070757363
Apioceridae,157.8891445668456,-187.53804736838907
Apionidae,253.13398496134425,-8.982632961519009
Apsilocephalidae,150.32842210519547,-179.18384190454807
Apteropanorpidae,46.16307734346296,-84.75710555604434
Aradidae,43.4729951716485,242.19546728802797
Archeocrypticidae,230.1962997923601,-52.45267789125762
Archipsocidae,186.69989526394917,206.568196065104
Argidae,222.4488976429955,-146.52107999604655
Argiolestidae,-195.18035804280433,249.60503828374817
Argyresthiidae,-36.65704589745592,-206.6287194218173
Arrhenophanidae,-57.10665302907723,-188.72417697933753
Artematopodidae,248.54920449119933,63.059511812957176
Arthropleidae,-236.686490170082,225.5298070220041
Ascalaphidae,96.37327131370071,82.42171331374381
Aschiphasmatidae,-261.41910837049005,-51.70518893371858
Asilidae,155.75106288754355,-184.06128365641385
Asiopsocidae,176.69107922239718,199.6476739333402
Aspidytidae,225.01690989263437,-108.6447511015915
Asteiidae,138.20767702032154,-213.06339687054634
Asterolecaniidae,-59.524067271246544,252.58547707017988
Atelestidae,150.4543308617897,-196.13634103821326
Athaliidae,-80.37750592772211,-20.78789429679006
Athericidae,159.1850594600199,-167.5958804583452
Atriplectididae,-31.74805089725481,-116.2998617155221
Attelabidae,258.05450063740295,-14.105830366465213
Attevidae,-35.71596731391531,-207.49002335375738
Aulacidae,-45.5334160547641,82.13552199631079
Aulacigastridae,138.69402087873445,-212.05493887654586
Australembiidae,-226.85983557213484,-40.160815186060084
Australimyzidae,117.17357920286206,-199.46264848119696
Austroleptidae,163.75055230592022,-172.39104280757292
Austroperlidae,-198.8404321936281,162.58763678152062
Austropetaliidae,-213.3658364333309,-242.01289224521608
Austrophasmatidae,-222.74626915982464,-51.96349146187765
Autostichidae,-19.99052080434921,-205.212284657993
Axymyiidae,95.56100778406342,-244.52561723662512
Bacillidae-1,-268.3850980686663,-58.85274205309616
Bacillidae-2,-268.5539615383764,-60.098759209426596
Baetidae,-262.6219707642608,-186.24706037480675
Baetiscidae,-270.77314699842333,-178.42760797411492
Barbarochthonidae,-18.52429311568384,-116.28376714012687
Batrachedridae,-4.066864440796148,-207.33056101952766
Bedelliidae,-35.07983504644722,-204.83722531401662
Beesoniidae,-68.1910922212719,240.64358799806476
Behningiidae,-275.4547673281544,-173.2875274222822
Belidae,247.0789665844321,-15.583220206710644
Belostomatidae,4.945754479225752,239.78323637944976
Beraeidae,-20.337488220525714,-123.31164882704337
Berothidae-1,92.40304802178262,74.74211305649237
Berothidae-2,88.53738142555977,68.0854215606659
Berytidae-1,38.932109269387325,227.7716667136471
Berytidae-2,67.03452745438727,254.9036344150447
Bethylidae,3.1183735940657473,82.39982663068703
Bibionidae,118.0301077333176,-158.2038688228256
Biphyllidae,232.8227560927509,27.38862279339997
Bittacidae,45.87909361474902,-78.98300229605958
Blaberidae,-211.68842143764311,122.22718807848067
Blasticotomidae,-84.35882247054319,-23.752187723189625
Blastobasidae,-1.53474410556208,-194.3966660738674
Blattidae,-223.6128073833252,133.1818926304188
Blephariceridae,176.33392556820266,-175.54111735318875
Blissidae,41.19302229127968,222.22678200184708
Boganiidae,234.60809728448797,-20.42023715217002
Bolboceratidae-1,204.57886589314504,78.93274224824893
Bolboceratidae-2,201.17611033795296,78.0579889921337
Bombycidae-1,-12.537226545043353,-230.05559928990525
Bombycidae-2,-13.580428859110933,-228.05354046094646
Bombyliidae-1,153.64969720863618,-200.66591461157557
Bombyliidae-2,159.82498274357508,-192.36381739692095
Bombyliidae-3,160.70688061513908,-191.37115953590947
Bombyliidae-4,156.69320197387347,-178.09220741186647
Boopidae,197.63114533311813,190.00659430066082
Boreidae,36.49388021829197,-78.62603066271649
Boridae,244.7539023582709,-52.61561521374
Bostrichidae,204.13865768619382,21.006301143867162
Bothrideridae-1,193.10544193774476,-53.083667918997804
Bothrideridae-2,194.70913589284567,-38.92813558561756
Bothrideridae-3,192.7525002477552,-47.77617832733687
Bothrideridae-4,187.3861074380841,-44.31846891762542
Bovicoliidae,153.83607694757072,202.60497943648122
Brachodidae,-30.73062673735391,-213.55958832582695
Brachycentridae,-0.7241522019235558,-126.83847410535758
Brachyceridae-1,257.46244832112075,-7.543572177593323
Brachyceridae-2,251.28152518739955,-0.2591860023381181
Brachyceridae-3,248.532942344341,2.31013023096893
Braconidae,-59.346859707307736,70.81567888457418
Bradynobaenidae,-9.250621469798137,55.36630506059741
Brahmaeidae,-19.625922974673824,-228.78984090820612
Braulidae,122.63623995554181,-217.02259950627467
Brentidae-1,256.38916103225097,-0.9222048992109061
Brentidae-2,256.95186185989587,-4.8808510104678975
Brentidae-3,253.0693016726848,-6.265885137661108
Brentidae-4,255.60670168610196,-8.996938061395909
Brentidae-5,249.25151248548914,-3.7471430977872786
Brentidae-6,246.56539531652956,-0.42166709038626254
Brentidae-7,248.4209856581235,-7.84064843806869
Bucculatricidae,-31.315330839239017,-201.68655327094072
Buprestidae,153.07585718424082,25.85042624976068
Byrrhidae,254.39692180914994,53.295240150922865
Byturidae,231.05006031127186,27.450483081285558
Caeciliusidae,171.27400139533836,201.92074137766613
Caenidae,-226.2140349100522,234.93412649382327
Calamoceratidae,-29.830494801190287,-120.20156935951003
Caliscelidae,-20.39492836336762,217.84013488521435
Callidulidae,-5.9146070381217655,-230.22876360356346
Calliphoridae-1,128.00809184570213,-192.57773961196864
Calliphoridae-2,130.252174077486,-192.4377255065429
Callirhipidae,163.24737157694693,49.72438491716583
Calocidae,-16.947428049384705,-120.81042246699234
Calopsocidae,180.64486687557525,197.15741364732136
Calopterygidae,-195.94337384849362,250.72469423024774
Canopidae,56.14483082843685,235.8181939072406
Cantharidae,242.07574168600652,67.19094816296295
Capniidae,-194.42008444040007,163.2167143414718
Carabidae,124.84929530310349,38.16489995129938
Caridae,243.31412840653246,-5.791804137506518
Carnidae,135.84200511716438,-203.5337358342735
Carposinidae,-58.514807748638795,-205.7462763955894
Carthaeidae,-12.925588760269408,-231.56529703887318
Castniidae,-16.350333600608568,-201.4998022077148
Cecidomyiidae,128.52972641873833,-155.0830795739814
Cecidosidae,-51.257855629254315,-178.54427045354004
Cephaloidae,237.48042355280649,-65.80756463975891
Cephidae,225.77586083370875,-145.65615269382278
Cerambycidae-1,245.9311459080753,-26.229582332857053
Cerambycidae-2,257.39053283390376,-27.938088840831956
Cerambycidae-3,253.45671098585044,-31.099129024895824
Cerambycidae-4,256.35334902202464,-30.97138837579767
Cerambycidae-5,254.41107850125812,-27.83074085333561
Cerambycidae-6,257.078977709633,-24.384519411128753
Ceraphronidae,-55.28629725191294,75.93382443197866
Ceratocombidae,12.904717207189426,268.50799099107076
Ceratophyllidae,60.96972862010059,-253.68069220364694
Ceratopogonidae,88.63154804945366,-238.34858677522885
Cercopidae-1,-38.00444337450097,261.6994593154148
Cercopidae-2,-36.7939115029347,264.26951211841583
Cercopidae-3,-36.22845533361964,264.2080647791486
Cercopidae-4,-37.15506159615705,263.7438809715832
Cercopidae-5,-36.61799249528216,260.35975567900607
Cercopidae-6,-30.758655415055596,264.89011373527984
Cerylonidae-1,194.70913589284484,-38.92813558561772
Cerylonidae-2,191.59466272942078,-36.06305533609289
Cerylonidae-3,187.8021542305736,-40.08046904443112
Cerylonidae-4,190.0883827710872,-48.05264984809555
Cerylonidae-5,186.96915466969412,-35.4229328897638
Chaeteessidae,-248.67785354973665,91.17553862829341
Chaetosomatidae,250.0329490494601,28.276583985996332
Chalcididae,-55.55010364136129,28.918349113358133
Chaoboridae-1,97.5027466016561,-132.47789311699978
Chaoboridae-2,100.47932634462141,-131.60479971607185
Charilaidae,-265.9538066971399,9.46291906744522
Chathamiidae,-28.129887251827526,-113.83267308050617
Chelisochidae,-294.7747341472916,39.46744716958008
Chelonariidae,169.30285652837776,47.48518021327395
Chironomidae,90.1040695801516,-137.34587236116414
Chlorocyphidae,-225.83439883246788,-223.71675882925595
Chlorogomphidae,-229.8806098148682,-220.49386697618152
Chloroperlidae,-194.21734394607324,155.909215605933
Chloropidae,128.09836843472996,-217.74217906506254
Choreutidae,-1.0095810323977719,-208.65010409126188
Choristidae,48.32388833087085,-83.72850186238855
Chorotypidae,-276.36422390826635,-2.3919670162890116
Chroicopteridae-1,-244.53385835591473,113.98606509891353
Chroicopteridae-2,-242.2173837646916,109.21549291587512
Chroicopteridae-3,-252.07176048325783,101.13709355542711
Chrysididae,-2.837579989796177,85.34410894905017
Chrysomelidae-1,242.61296794806458,-30.979285242899557
Chrysomelidae-2,249.55780047672613,-33.1030320490533
Chrysomelidae-3,251.50942875329127,-26.60934623695589
Chrysopidae,81.21608825034326,50.691606042417554
Chyphotidae,1.9527547154708595,63.45652586631171
Chyromyidae,140.9566167420829,-196.5323603825773
Cicadellidae,85.58005231976087,259.00722196410476
Cicadidae,-25.655278981864747,268.4930344793184
Ciidae,240.3872069646408,-68.34945764541271
Cimbicidae-1,-73.52727238651046,-20.41728120827969
Cimbicidae-2,-76.12346883362957,-22.00428934067581
Cimeliidae,-8.192799019283472,-230.71839941933393
Cimicidae,45.423102029223095,265.48267612181974
Cixiidae,-32.84776825849841,232.24893730548013
Clambidae,222.72756150094617,95.52108708008326
Clastopteridae,-31.392925845250566,260.3799444608329
Cleridae,246.40634802150572,25.41900698793866
Clothodidae,-230.15220459324325,-36.554378749664245
Clusiidae,130.85852316184196,-215.8714842770508
Coccidae,-56.15784789554823,244.12750031478564
Coccinellidae,189.90640172133635,-23.12390902474759
Coelopidae,142.69214110872406,-207.11814643443736
Coelostomidiidae,-74.61410385416393,224.45057351626093
Coenagrionidae,-225.7304557632879,-225.21122299066147
Coleophoridae,-5.5204540251106184,-206.19622160243784
Colletidae,-25.69270615969496,82.04876672081686
Colobathristidae,54.49654629414386,222.9212437945188
Coloburiscidae,-261.1454977841509,-190.36389261416204
Compsocidae,185.9054447752186,210.0350922357953
Coniopterygidae,71.67872849599489,19.799817000450826
Conoesucidae,-8.381142788269836,-124.44426973761631
Conopidae,143.76823395661026,-202.77053071178597
Copromorphidae,-58.17959512356791,-204.73149238381947
Coptopsyllidae,61.19549819078777,-256.6314529615741
Cordulegastridae,-216.10099741882527,-238.14061008634968
Corduliidae-1,-230.7909773203495,-216.40249252399497
Corduliidae-2,-184.95545621329637,260.46142423418894
Corduliidae-3,-187.11122261121668,256.49879552899694
Corduliidae-4,-231.8198127316754,-218.9268786135673
Corduliidae-5,-176.74268428219253,267.08098913176224
Corduliidae-6,-178.29276255305982,265.9397313763339
Corduliidae-7,-215.8545169349816,-233.8316656325178
Coreidae,40.28751851647369,227.0709722203077
Corixidae,7.6759995661509,238.35480573580014
Corydalidae,111.09676759881765,98.2498244194224
Corydiidae-1,-216.3926893836488,129.96873822456467
Corydiidae-2,-221.08378871457552,58.571425280966146
Corylophidae,199.50756033781505,-14.795079377453792
Cosmopterigidae,-22.902276949412688,-205.014776568112
Cossidae-1,-9.83116149556339,-204.63620622665246
Cossidae-2,-13.997108846583146,-201.52834346895452
Cossidae-3,-15.01722659649617,-204.4920888182074
Cossidae-4,-11.36321040543759,-202.37077901540056
Cossidae-5,-21.796756430323697,-187.4243906819577
Crabronidae-1,-24.217264346028816,67.2681112039638
Crabronidae-2,-15.827328341308625,84.52771163374506
Crabronidae-3,-27.619837809592042,76.02713524430439
Crambidae,-18.30113443559932,-214.81908185054263
Crinopterygidae,-47.18585151466047,-176.70708468260042
Cryptocercidae,-234.1322989093185,136.51799905912344
Cryptophagidae,223.53816164659116,1.1543182790989737
Ctenophthalmidae,58.64844716165021,-87.03488266003141
Ctenostylidae,120.98936947307966,-217.1045718623493
Cucujidae,228.92293325119707,-11.013129720908465
Culicidae,179.65207041546796,-168.4892168399585
Cupedidae,115.1159971980723,-8.95212285633933
Curculionidae,253.55092083620664,-2.489704093633843
Cyclotornidae,-12.773264947970928,-204.66649142138758
Cydnidae,65.72923984619146,238.173625021744
Cylindrachetidae,-291.4911717577989,23.15146835708144
Cymidae,60.40637223604161,249.51784296425654
Cynipidae-1,-23.119537869852067,38.01182795913744
Cynipidae-2,-20.400584599085946,33.86010928621487
Dactylopiidae,-61.44420189420066,239.64993381211275
Dalceridae,-34.84499743030293,-224.28814429639323
Damasippoididae,-260.5414474193548,-71.08430055499318
Dascillidae,251.96839695356616,54.42066487926161
Dasydemellidae,171.47315314935952,204.13109854242964
Decliniidae,118.24752397713725,-19.18623798006674
Delphacidae,-28.619653321404673,233.05020201734905
Depressariidae-1,-52.23967766824965,-214.2587092501591
Depressariidae-2,-26.415963627715108,-208.16709933265147
Depressariidae-3,-28.071177907952393,-210.15734702774253
Derbidae,-1.8626152178664905,197.8227035941999
Dermestidae,218.0595536803566,31.39740077238579
Derodontidae,236.53088018681956,-103.01854815815426
Deuterophlebiidae,81.70701137721251,-249.47753997574608
Diadocidiidae,125.78374809142068,-154.76561669702775
Diamphipnoidae,-201.73168567589724,162.29416345604625
Diapheromeridae-1,-257.9554824994743,-72.6617219587476
Diapheromeridae-10,-269.2350201691375,-64.38579027218569
Diapheromeridae-2,-253.12006483832278,-71.85969032756009
Diapheromeridae-3,-254.54091520485423,-71.63925113662697
Diapheromeridae-4,-254.14448717183492,-70.81385801703819
Diapheromeridae-5,-254.77896696507628,-71.05914795013362
Diapheromeridae-6,-248.65249659923523,-65.87749669812344
Diapheromeridae-7,-267.6872833473489,-59.177238516957644
Diapheromeridae-8,-268.0539113473484,-60.05426057482732
Diapheromeridae-9,-268.5893008036325,-59.789647018459846
Diapriidae,-31.569187066837756,14.607647828744787
Diaspididae,-67.59379446183591,245.83879162227166
Dicteriadidae,-224.46849219886005,-225.34704044151175
Dictyopharidae,-25.191306104395668,207.0981766261647
Dilaridae,103.2070546739764,93.75245582505438
Dinidoridae,64.2615996862266,233.35722775033088
Diopsidae,131.9313437060611,-213.51363589727148
Diphlebiidae,-198.6584239061307,245.15659581340208
Diphyllostomatidae,208.2146444386414,67.03395227516398
Diprionidae,-76.5523818678033,-19.868788988222445
Dipseudopsidae,-66.94398035084714,-139.3842114681528
Dipsocoridae,12.929408599021702,272.2837627223558
Dipteromimidae,-166.12553092924247,281.3655144700068
Discolomatidae,192.81071209274296,-41.9379453160901
Dixidae,85.72731457816388,-235.81819497672186
Doidae,-14.276607481453228,-218.53114846182
Dolichopodidae,146.41029220488502,-189.97573021762258
Douglasiidae,-32.2701053321277,-228.37607038215205
Drepanidae,-8.828938281089489,-229.21114767213766
Drosophilidae,132.32190739317406,-196.06251112666735
Dryadaulidae,-40.438883139176426,-220.87466193027558
Dryinidae,0.20974249874384426,84.05751176228614
Dryomyzidae,145.09634062015775,-205.99608156173207
Dryopidae,160.60234786901313,43.382471859364294
Dudgeoneidae,-37.18264307338916,-213.97530401702988
Dytiscidae,119.72569281806487,18.208054345684612
Echinophthiriidae,154.39020025554012,226.76568634690656
Ecnomidae,-65.04792756386061,-136.45338444006794
Ectobiidae-1,-229.46232957334843,56.12461318211314
Ectobiidae-2,-233.85641643618462,55.87463292786984
Ectopsocidae,179.17168929307624,205.5724589978479
Elachistidae-1,-23.596929530345925,-205.62164956456905
Elachistidae-2,-4.820897421426091,-206.37043404949839
Elateridae-1,232.36194315146878,69.65762977616475
Elateridae-2,235.27286236119033,73.10061891831937
Elateridae-3,237.42006459141652,74.58062450879346
Elateridae-4,240.9526637630719,71.86952494691491
Elateridae-5,243.1014054924883,69.73056369289978
Electrentomidae,184.88024049467882,211.718629280386
Elipsocidae,173.2657899209155,197.7767768632329
Elmidae,166.6423597851779,45.12676401765999
Embiidae,-228.43617177853076,-34.091347030498156
Empididae,144.27596706177744,-187.34184574242914
Empusidae,-250.52408646513524,108.44689212273153
Encyrtidae,-55.487756285652196,41.012078186214325
Enderleinellidae,153.34522579478528,219.9814737425543
Endomychidae-1,194.22188980748913,-13.067412649324726
Endomychidae-2,199.9504409809658,-18.383033720454232
Endomychidae-3,193.3382309279916,-17.397311105758476
Endomychidae-4,197.77810032048458,-7.2601993584748525
Endomychidae-5,201.35954760970574,-25.606125501839866
Endomychidae-6,203.0323660011435,-1.2599509535148998
Endromidae,-14.542836081517752,-228.03705043618746
Enicocephalidae,11.676453825490746,261.31734383910276
Ephemerellidae,-272.28995691887593,-178.25022405461175
Ephemeridae,-275.96586998416825,-172.76240547530324
Ephydridae,123.17633005957406,-193.39542391642314
Epicopeiidae,-17.79437165178182,-224.89350088832904
Epimetopidae,192.45713673417427,25.745125865732366
Epiophlebiidae,-231.27948768298577,-223.26290094831327
Epipsocidae,183.7440368280825,196.50221875923057
Epipygidae,-32.36363091977451,259.17422888077164
Epipyropidae,-38.14618568731845,-214.63554459116364
Episactidae,-243.03148589795518,4.04907945268719
Erebidae-1,-8.609893004139787,-223.2235611639404
Erebidae-2,-5.214415372833964,-225.0767880766492
Erebidae-3,-8.995266880232595,-218.8302503700117
Erebidae-4,-3.6355363110054233,-218.61773385489775
Erebidae-5,-3.4488776093584157,-220.54437135306816
Eremiaphilidae-1,-252.14119218802963,87.75849773812787
Eremiaphilidae-2,-234.45467170640205,105.62989520735486
Eremiaphilidae-3,-235.44070836445664,111.93458222769229
Eremiaphilidae-4,-234.14451860914647,110.9219516054898
Eremiaphilidae-5,-253.37901357351055,103.0709600680788
Eriococcidae-1,-66.06696846771749,248.25505599168417
Eriococcidae-2,-69.98887033041083,242.68283375267114
Eriococcidae-3,-63.17049287588937,237.98505782318742
Eriocottidae,-41.4434417868474,-216.1380927635927
Eriocraniidae,-59.52718586143157,-179.4242241426556
Erirhinidae-1,254.9473057477978,0.9092283118536415
Erirhinidae-2,252.75220478181308,2.1799171761058918
Erotylidae,237.4638547389122,4.821260949480104
Eucharitidae,-61.6783680012107,38.797322644818756
Eucinetidae,216.48059280099605,96.48354504010956
Eucnemidae,231.97212259937646,78.29192443446712
Eulichadidae,163.5549368874027,53.94054924405103
Eulophidae,-58.097492755099,50.736708456863994
Eumastacidae,-278.4174657276741,-0.13248580079419228
Eupelmidae,-57.75918407252955,30.618199330112688
Euphaeidae,-225.60149580238044,-226.98669877112937
Eupterotidae,-19.814438262439403,-230.56657816830185
Eurybrachidae,-18.32369414106247,208.9519129295901
Eurytomidae,-55.151700420885994,27.505672312813576
Euschmidtiidae,-242.17245478130073,7.304919168987454
Eustheniidae,-201.57618488645542,161.33224180785925
Euteliidae,-3.58444205680368,-224.12218179174604
Euthyplociidae,-232.6690301700382,228.28572558760783
Evaniidae,-44.75469411408059,84.24557609680544
Evocoidae,159.84746968628545,-197.38396376183553
Fanniidae,126.47668709275344,-195.13325144091155
Fergusoninidae,129.8133399713652,-214.03489801782197
Figitidae,-19.567287179027215,37.45060489287904
Flatidae,-19.465223393422846,197.47927256170013
Forficulidae,-237.25528222675732,-113.07492657220038
Formicidae,5.654974514125436,74.3080941728565
Fulgoridae,-28.653398249699933,206.09068400543936
Gasteruptiidae,-48.933223634961045,82.40586531906558
Gelastocoridae-1,18.453446447159163,272.9891912693936
Gelastocoridae-2,18.022552127900724,269.9919338544684
Gelechiidae,-20.41050964014547,-202.18871749627507
Geocoridae,51.47870717540202,218.96134483143052
Geometridae,-16.88007689646425,-222.32870791952425
Georissidae,182.2033086387741,15.827107604601924
Geotrupidae-1,209.11504279422226,75.45140560431116
Geotrupidae-2,205.96635555033848,78.46265203529309
Gerridae,4.065436293511453,258.9384308036683
Glaphyridae-1,190.08892717010343,63.69719687025816
Glaphyridae-2,184.5837896477834,69.81370954519917
Glaresidae,198.5987993370385,62.93061479300841
Glossinidae,125.23281173882012,-194.23983870179174
Glossosomatidae,-80.74973717045089,-152.41608204455085
Glyphipterigidae,-29.16827273889011,-200.47020767733056
Goeridae,-49.321070097387164,-127.19151454758668
Gomphidae-1,-207.55814147614154,-247.91563688376598
Gomphidae-2,-206.27643097016087,-248.33638987818406
Gomphidae-3,-174.0800514245004,268.7905071687694
Gomphidae-4,-214.30080726222408,-236.1740444553812
Gomphidae-5,-211.26881230551808,-241.52262886536576
Gonypetidae,-234.62446256541065,102.10971886191084
Gracillariidae,-24.289211564659144,-198.52051441083873
Gripopterygidae,-199.50616688270463,163.54119950551237
Gryllacrididae,-290.48471791585393,-21.763266647273294
Gryllidae-1,-289.39831603654756,-27.97016851807291
Gryllidae-2,-292.006152875412,32.82477293045068
Grylloblattidae,-222.829570550889,-63.23657133026964
Gryllotalpidae,-289.45194102792794,36.66241225267021
Gyrinidae,235.16217280235452,-109.92631816502116
Gyropidae,198.29387480800418,192.01964019404443
Haaniidae-1,-221.48073174219348,85.37777576066405
Haaniidae-2,-219.4565716581231,90.16143136546631
Haematomyzidae,160.38024843043755,227.34632290982807
Haematopinidae,154.3680928147776,225.51942066716933
Halictidae,-24.10241264084748,79.1471663627998
Haliplidae,116.32009855734897,5.58996750685255
Hebridae,3.164900946209933,269.3030083817688
Hedylidae,-24.98520935680171,-222.3211808612497
Helcomyzidae,146.1356404084434,-203.80617577916496
Helicophidae-1,-16.18116175030368,-122.97027720055765
Helicophidae-2,-19.890567356940267,-116.55148721112343
Helicopsychidae,-10.930525719138766,-127.16439550064067
Heliozelidae,-41.828790100526895,-174.85119984641477
Helophoridae,182.35347816047567,19.956994753728644
Heloridae,-21.493158480157994,16.27353911114775
Helosciomyzidae,145.36510360379185,-202.4253842503054
Helotidae,234.35600173545805,-27.266223098661865
Helotrephidae,27.913357615410913,207.24188581203262
Hemerobiidae,84.60067829839865,60.30474135332478
Hemiphlebiidae,-222.2311590865554,-232.29208771374712
Hemipsocidae,186.0557973933536,198.60752777698275
Hepialidae,-63.675935469168145,-188.63315857867389
Heptageniidae,-237.07719951775923,225.31603936648298
Heptapsogasteridae,173.67424990009516,218.9137282457615
Hermatobatidae,7.5476741416518305,267.0973304161151
Hesperiidae-1,-25.189320648981663,-225.96685031415703
Hesperiidae-2,-25.081368268777183,-220.10467867196706
Hesperinidae,117.98173373491849,-154.72692777774543
Heterobathmiidae,-65.47538916600125,-180.94028766305016
Heteroceridae,155.2829360412275,31.64856845115347
Heterocheilidae,144.18181260128426,-203.56095529306438
Heterogynidae,-32.93941095635406,-222.43281074775803
Heteronemiidae,-253.59790991881977,-62.03406280858242
Heteropterygidae,-265.66851484617166,-57.86506404391202
Heterothripidae,-102.49524200790565,180.51389309499055
Hilarimorphidae,143.60100562490373,-162.87425353717586
Himantopteridae,-55.422029695625106,-199.05446276861423
Hippoboscidae,125.34552044257772,-192.28306496699463
Histeridae,164.704155570292,-30.121185355956264
Hobartiidae,221.35714085052737,-15.444270329777419
Hodotermitidae,-272.37723525463514,70.76744502943957
Hoplopleuridae-1,151.33368297914785,221.8737987294238
Hoplopleuridae-2,151.19944436445982,221.20305862884732
Hoplopleuridae-3,151.77629822203423,221.42033320854642
Hoplopleuridae-4,156.0663472905183,227.0343557170531
Hormaphididae,-67.1169555976158,204.61963543469886
Hyblaeidae,-16.57607517216597,-213.25742992979406
Hybosoridae,200.84925647923706,67.53814240233254
Hybotidae,147.6074021463294,-191.66650506570627
Hydraenidae,160.96800758390597,-18.007941557532458
Hydrobiosidae,35.37154316620314,-240.33451795797282
Hydrochidae,186.93909830316653,18.197026180910147
Hydrometridae,0.004474497585136203,262.08481255821147
Hydrophilidae,188.06970616442467,24.404289303152986
Hydropsychidae,-78.17019170747176,-148.63891001965243
Hydroptilidae,-75.39565930011608,-145.4436778342755
Hydrosalpingidae,-20.877847430615674,-120.19113285362793
Hydroscaphidae-1,115.96739223240078,-1.83677437512052
Hydroscaphidae-2,142.30084633946467,72.69130369299421
Hygrobiidae,118.849652322049,10.560890355112207
Hymenopodidae-1,-258.6518946923177,93.63041096028365
Hymenopodidae-10,-256.0890716363119,94.61019063658637
Hymenopodidae-11,-245.72532630214158,87.88346633157765
Hymenopodidae-12,-254.6352245138084,91.73841989950765
Hymenopodidae-13,-243.1650394683394,79.8648378608364
Hymenopodidae-2,-240.11300174664729,106.82102418582497
Hymenopodidae-3,-251.03081984661776,104.86977001057096
Hymenopodidae-4,-248.24871408917338,103.78409693301082
Hymenopodidae-5,-248.77847821594014,106.96597724281548
Hymenopodidae-6,-248.30166341697242,111.11903129239737
Hymenopodidae-7,-240.64282117996362,113.65511802826515
Hymenopodidae-8,-242.30284315125024,114.28677665451492
Hymenopodidae-9,-230.6122140496262,93.356600237382
Hyocephalidae,41.41558762067743,237.14323274972332
Hystrichopsyllidae,60.00462242486746,-257.4686315400237
Ibaliidae,-13.785844368242131,30.168264010179552
Ichneumonidae,-51.81256451284378,75.31221182466143
Ichthybotidae,-233.13285435747864,227.9171858791034
Idiostolidae,41.974701167788744,233.39263369523508
Immidae,-34.1972649816073,-227.18737867678226
Incurvariidae,-48.93959054081195,-177.46263852386352
Inocelliidae,66.46395438434787,-1.8755200946304413
Ischnopsyllidae,56.09390916541859,-96.04104573642837
Isonychiidae,-273.95696835379374,-174.38479442028034
Isostictidae,-219.1425181273618,-236.6625974118414
Issidae,-12.217395236413036,198.25300238648651
Ithonidae,87.82354111530475,73.03775982807159
Ithyceridae,256.93458642121243,-3.688395664316824
Jacobsoniidae,199.63146216257772,32.04393679579981
Joppeicidae,23.689065347242536,236.66134902123014
Kalotermitidae,-272.1286746325981,72.55308997343916
Kateretidae,226.0828140799763,-26.784935809937952
Kermesidae,-62.116645149253145,251.74826069840563
Keroplatidae,122.37390178446402,-157.6451236346127
Kinnaridae,-30.262593559034226,222.32352332399233
Kokiriidae,-46.25421492722746,-121.18910690346158
Kuwaniidae,-77.39833012938452,230.95074851894034
Labiduridae,-239.0339887420567,-114.1566418562686
Lachesillidae,176.18325873316323,196.70100745973724
Lacturidae,-35.1764710127571,-222.33158879348235
Laemobothriidae,200.41837641345552,194.17554302808122
Laemophloeidae,221.65219107923855,-4.523658447804656
Lamproblattidae,-245.35995423812983,58.02567828926638
Lampyridae-1,236.48728554224962,64.83458556945486
Lampyridae-2,229.21517239807585,59.71428877900319
Largidae,47.72723742677146,219.78523267764928
Lasiocampidae,-10.32729987080656,-231.3286069486885
Latridiidae,201.4244535907437,-8.130428442368645
Lauxaniidae,145.95078539450665,-205.80816748953592
Lecanodiaspididae,-58.90801718235649,250.76102374223174
Leiodidae,172.00067392420792,10.143875001300067
Lemoniidae,-19.18658020815825,-229.00113962704296
Lentulidae,-260.33322440428657,3.7826062338224533
Lepiceridae,151.95637366804846,83.21788986639126
Lepidopsocidae,136.709526891246,233.39860600176243
Lepidostomatidae,-40.62344195855784,-128.9089679736431
Lepidotrichidae,-122.56341758438515,335.42176323602405
Lepismatidae,-171.33216414221303,-312.20160399584574
Leptoceridae,-29.63149381962533,-127.87033211860177
Leptohyphidae,-224.48716726705894,236.3637910653492
Leptomantellidae,-249.05783067301232,99.96893472003828
Leptophlebiidae,-221.07876577680685,239.33949333132006
Leptopodidae,19.04182742624018,216.3579433357898
Leptopsyllidae,57.650121608436095,-97.43397150494192
Lestidae,-220.91675673386945,-232.7587945584019
Lestoniidae,65.06255744201162,241.60466072091054
Leucospidae,-56.0123958934305,49.69440465091415
Leuctridae,-222.4183501724837,-102.06280269476572
Libellulidae-1,-231.59595003222253,-213.9486256674621
Libellulidae-2,-183.24549007226076,261.4496748126509
Libellulidae-3,-189.56231884640175,256.77953515619816
Libellulidae-4,-232.76443029727398,-214.58686690276798
Libellulidae-5,-174.63302741438497,267.4720646878722
Limacodidae,-32.919044662648304,-224.6266546047012
Limnephilidae,-48.90086094864924,-128.05600735780894
Limnichidae-1,157.79111869052878,33.435331326861935
Limnichidae-2,155.43684431927085,35.06578454746766
Limnocentropodidae,-3.7597884774516777,-128.91471521979068
Limoniidae,89.34026042258759,-245.35507478498883
Linognathidae,151.71957823887857,220.00275972334396
Liopteridae,-14.998706551645522,34.5816141858584
Liposcelididae,205.81727219678012,187.90132488803027
Liturgusidae-1,-257.14377617562815,97.47269566049697
Liturgusidae-2,-229.77666625010875,96.997146033678
Liturgusidae-3,-234.7828169866492,81.0863672397025
Lonchaeidae,114.92037219451588,-211.59356340577483
Lonchodidae-1,-263.1667751221352,-56.98548435039419
Lonchodidae-2,-269.30655796483535,-63.491772750495706
Lonchodidae-3,-264.2439765727196,-51.6957987764211
Lonchopteridae,137.90186217830893,-185.00949516832628
Lophocateridae,256.0044283519144,25.458601762267236
Lophocoronidae,16.64611304099413,-230.12007537384002
Lophopidae-1,-15.869394057465113,208.98723090667315
Lophopidae-2,-15.220677906702972,205.5634200273261
Lucanidae,205.28713061661435,64.18753929243773
Lutrochidae,159.1524041863769,45.317043263668154
Lycaenidae,-26.08771874392275,-229.83898405003583
Lycidae,238.85299298903695,66.87973540412412
Lycopsyllidae,61.30151015811843,-255.4687714445286
Lyctocoridae,49.39292753379116,266.72969009325305
Lygaeidae-1,65.90191656567656,249.2073222594863
Lygaeidae-2,55.854316714579305,221.56017580141145
Lymexylidae-1,252.92530058304547,-47.095004696965916
Lymexylidae-2,207.3640571085513,-52.68571770801166
Lymexylidae-3,256.4004689930995,-49.1108941082659
Lyonetiidae,-39.43768357174155,-210.95062907758793
Lypusidae,-65.21212002283347,-202.19955970663244
Maamingidae,-44.86314869776912,7.23151098400092
Machaerotidae,-29.538321781937647,262.3972042410145
Machilidae,-175.3065130083959,-345.13196570789466
Macromiidae-1,-181.23262551881717,263.580645112979
Macromiidae-2,-184.19186017738033,259.2361183817358
Macromiidae-3,-186.4364040778023,259.14143156313764
Macromiidae-4,-185.4416042805313,258.0883051459225
Macromiidae-5,-187.21550978351993,257.77145180197755
Macromiidae-6,-187.2332895807827,256.5279668989427
Macromiidae-7,-232.5229681908151,-211.70228347120096
Macromiidae-8,-186.48371091963412,257.0564514001568
Macropsyllidae,58.95035211523391,-256.64030031424113
Macroveliidae,1.6146987531937684,267.16715308829635
Malcidae,54.69903555926927,227.23708169251745
Mantidae-1,-225.54458087885672,70.50530518161561
Mantidae-10,-246.73087087705898,108.3777916159441
Mantidae-11,-243.50561654896472,106.30114851796161
Mantidae-12,-245.58667226219745,104.50629018681458
Mantidae-13,-241.13072262741858,102.74960426247107
Mantidae-14,-236.898794714764,113.26486640784445
Mantidae-15,-233.3605645080664,107.98181376955725
Mantidae-16,-242.14050552339287,90.82561477205246
Mantidae-17,-227.24313872151606,105.90030709769957
Mantidae-18,-224.2861826319152,97.68388172221935
Mantidae-19,-249.9825915907754,84.492079216025
Mantidae-2,-250.35512992712046,96.31866260969434
Mantidae-3,-235.88167432589057,99.20421651202888
Mantidae-4,-251.310567561335,107.00964137735754
Mantidae-5,-249.48117943426504,109.73614661384894
Mantidae-6,-246.37066762916987,112.13977572166935
Mantidae-7,-247.48731504446474,110.38606175698976
Mantidae-8,-247.498101785956,111.79088177467987
Mantidae-9,-246.10646641437728,110.72639538759105
Mantispidae-1,79.24175416137389,44.57500336341704
Mantispidae-2,90.83527295324105,77.27972675786454
Mantispidae-3,83.39491579668474,56.71200256233735
Mantoididae,-236.69653536109783,91.67171137135772
Mantophasmatidae,-222.74576216549656,-53.971176825594014
Margarodidae-1,-53.11504368037538,226.98154076899428
Margarodidae-2,-78.9127707625829,224.0410687578855
Margarodidae-3,-79.27464159491855,228.82999601115233
Margarodidae-4,-64.58121371002984,225.53821009733812
Marginidae,113.42801410382862,-206.52331651897387
Mastotermitidae,-238.113050263976,135.67349267738842
Mauroniscidae,252.91179152047448,29.414380946525675
Meenoplidae,-28.777491256205973,201.5362322974754
Meessiidae,-29.03017370277319,-191.8696947217819
Megachilidae,-19.815543914314965,76.55192961885088
Megalodontesidae,-85.62573072092867,-14.262026485466507
Megalopygidae,-32.83905355412298,-218.0559287345169
Megalyridae,-37.751738527554295,14.061233859536292
Megapodagrionidae,-224.18394939178506,-229.33906926242045
Megaspilidae,-55.700829540854095,74.36847939513329
Megastigmidae,-48.554705277015216,39.65571230624074
Meinertellidae,-171.7483175150964,-346.995736722195
Melandryidae-1,238.93517275727862,-70.72018073348143
Melandryidae-2,235.6392775498902,-62.40027543358833
Melandryidae-3,223.1446062437137,-69.5792439563034
Melandryidae-4,228.3768515291627,-65.1348392305417
Melandryidae-5,210.39382376076117,-64.65265399487636
Melandryidae-6,244.51341721475484,-55.501459707652344
Melandryidae-7,246.70298407199988,-58.73502563457198
Melandryidae-8,249.62546331668756,-60.50122668454177
Melittidae,-20.06875094991144,80.8286064548789
Meloidae,233.54468434304042,-72.44041727094839
Melyridae,251.690800128004,26.136321554540743
Membracidae,84.3255793887789,261.2957029148633
Mengenillidae,238.01426991583577,-130.91859829280804
Menoponidae,201.32038045713375,196.43007909021176
Meropeidae,51.501801144775634,-80.79397911486367
Mesopsocidae,171.66116560403134,198.6208997206405
Mesoveliidae,6.307051515418988,264.7265864844826
Metallyticidae,-229.48013578075674,100.71774904784593
Metretopodidae,-227.67192147558276,231.73568878190028
Metropodidae,-159.44928799119134,286.7402156391723
Micromalthidae,231.32080033219663,-110.50368320094849
Micropezidae,117.63936232199755,-215.1830322660188
Microphysidae,23.140530168361057,211.14216072202257
Micropterigidae,9.197667988163522,-171.43683016071014
Milichiidae,117.84596644859872,-208.67427468636438
Mimallonidae,-18.57851617905188,-218.81880752872686
Mindaridae,-61.212931612416675,200.90044213888055
Miridae-1,24.188722536495064,230.1776511811284
Miridae-2,26.649289626470363,246.96778089256568
Miridae-3,52.66962062264655,265.99645706002207
Miridae-4,48.80484058329294,267.15974323627796
Miridae-5,42.62043952477653,267.8270945468619
Miridae-6,56.374809470305266,265.39466709514045
Miridae-7,39.29495886003106,259.4183129567342
Mnesarchaeidae,-62.095764248618,-185.42612508781767
Molannidae,-35.66026890671036,-117.40157597190192
Momphidae,-57.08088057802127,-201.88704128541954
Monomachidae,-30.18914430848689,16.712324151303264
Monommidae,216.83704066834963,-66.1081910082271
Monophlebidae,-72.58912192038336,226.61707892100102
Monotomidae,228.22679543458102,-21.0610274519874
Mordellidae,212.32236365912573,-44.16030077697259
Musapsocidae,182.72855352900592,211.25437937795277
Muscidae,127.52128276838988,-195.9081631056526
Mutillidae,-6.902480835705645,70.55947602542211
Mycetophagidae,234.23914416886404,-52.61319575890534
Mycetophilidae-1,125.44471997721712,-157.10784659514147
Mycetophilidae-2,130.15333267286763,-156.66805512646678
Mycteridae,247.63686860295616,-53.64863396123383
Mydidae-1,159.7654536183026,-187.3738580668905
Mydidae-2,157.69228918051476,-185.20594566404813
Myerslopiidae,-16.94625390169452,275.0348499753906
Mymaridae,-53.60893684998226,36.83377195180745
Mymarommatidae,-40.9515896258131,7.977589349520855
Myopsocidae,183.91298035099294,200.20552394978782
Myraboliidae,229.88627708809253,-2.0836548064091898
Myrmeleontidae,93.50103206561299,83.1201504617648
Mythicomyiidae-1,160.3968741474716,-193.03856209740553
Mythicomyiidae-2,159.75946974340334,-190.3897873230825
Nabidae,55.02823844797156,262.52393175596495
Nannochoristidae,39.21312423428317,-77.34207711162765
Nanomantidae-1,-240.94658973529,111.32035765632219
Nanomantidae-2,-241.8813918404731,98.68526481650048
Nanomantidae-3,-246.09226455018126,98.67237703715101
Nanomantidae-4,-236.83914265837254,80.43801172179576
Nanomantidae-5,-233.8251275510967,81.53219423306584
Nanomantidae-6,-238.3539083643789,80.12983768784481
Nanomantidae-7,-228.65548741361152,85.19799981968902
Naucoridae,6.820627144370936,246.8683722754302
Nemestrinidae,99.34619904484548,-176.551588987789
Nemonychidae-1,259.65458076354065,-19.613930831521376
Nemonychidae-2,253.9814244514957,-17.40761725122197
Nemopteridae,95.30610556228905,86.59438458620251
Nemouridae,-226.25842545924365,-106.62023496699283
Neoephemeridae,-258.7996588184567,-193.17295723816912
Neolinognathidae,137.19723562902067,242.39166351005952
Neopetaliidae,-213.72961803789943,-238.9652373834476
Neopseustidae,-67.32686721967195,-190.79140212769747
Nepidae,7.691954186726664,234.74691723804568
Nepticulidae,-66.30781888336965,-198.41131138136953
Nesameletidae,-268.6080172955046,-181.86772951817485
Neurochaetidae,131.49278875056996,-215.2411167327765
Nevrorthidae,69.5407808720501,10.390824860121704
Nicoletiidae,-174.4030632887346,-310.3300206073693
Nitidulidae,222.53984391355874,-23.32468515954798
Nocticolidae,-224.17384641417587,56.112880685866244
Noctuidae-1,-29.25418216451588,-229.0066430171265
Noctuidae-10,-6.7700229498447895,-220.12430285977595
Noctuidae-2,-6.233064523590876,-223.96437307489904
Noctuidae-3,-6.1114505791800005,-225.87376375423744
Noctuidae-4,-5.132080491159129,-225.8153659481955
Noctuidae-5,-7.222141124656438,-225.061755049148
Noctuidae-6,-6.434508434041415,-218.08874625971313
Noctuidae-7,-4.759615146781836,-218.24174921888672
Noctuidae-8,-4.7724787608165045,-220.0439370024932
Noctuidae-9,-3.3105130620441723,-219.41279978408772
Nogodinidae-1,-3.7916094305315897,200.4689591643223
Nogodinidae-2,-25.05776459440926,198.49977229994465
Nolidae,-3.684023418717429,-222.97603206295815
Nosodendridae,252.72418493933094,57.68738505745094
Noteridae,119.93631616350592,24.256099400093287
Notodontidae,-10.41318281204434,-221.08906593258703
Notoligotomidae,-228.11009300745695,-39.577618494772246
Notonectidae,1.2150050213628107,246.9287266156622
Notonemouridae,-226.7127796424641,-111.21816242799183
Nycteribiidae,125.24371796725767,-191.71700165072264
Nymphalidae-1,-26.589893685227707,-227.35527750833697
Nymphalidae-2,-26.618249684053982,-225.11059012889524
Nymphidae,99.31461050814411,86.88780416629307
Nymphomyiidae,93.837927201929,-242.94700178546813
Ochodaeidae,194.39345203231056,75.47592291373226
Ochteridae,9.991002275620568,252.97678375959094
Odiniidae,114.25761029018703,-199.47558637156806
Odontoceridae,-33.31285664835868,-124.63143414246268
Oeconesidae,-43.21198023347962,-122.50725220325675
Oecophoridae,-22.82609212374615,-206.246152380558
Oedemeridae,249.6783916866921,-55.288840985006566
Oenosandridae,-23.995204270740082,-231.6526061755391
Oestridae,130.9072334692794,-193.75801478190607
Oligoneuriidae,-265.0710902620014,-184.27825036804592
Oligotomidae,-225.78960832460382,-37.38598475378053
Omalisidae,233.82933635873982,66.99133389361889
Omethidae,246.05954307093822,60.00148225286032
Ommatidae,117.95952715968161,-11.875933198673405
Ommexechidae,-251.35844223611397,6.841968795493751
Oniscigastridae,-262.1284059862001,-190.80976261354581
Opomyzidae,136.71429319360797,-205.9441556541326
Opostegidae,-57.8336875332076,-183.95018632179134
Ormyridae,-61.99750291663663,32.70667456179337
Orsodacnidae,253.12777978638488,-33.687698746398866
Ortheziidae,-55.48506934806308,222.41775395305208
Orussidae,18.473111182168783,88.26228008929928
Osmylidae,233.91348191330812,-138.982322613386
Pachygronthidae,47.20518786820408,223.82578157041698
Pachyneuridae,116.50195983843717,-156.32811586512523
Pachytroctidae,207.92111901132526,192.20969764253812
Palaephatidae-1,13.088580044968845,-236.74429316945242
Palaephatidae-2,-64.08591592176077,-193.8829002464957
Palingeniidae,-231.9505460105347,228.79084557107467
Pallopteridae-1,113.73238592269311,-211.54242705443943
Pallopteridae-2,114.27059551116821,-212.52145943789472
Pamphagidae,-266.55117284959164,7.2976427126286945
Pamphiliidae,227.8960561007894,-149.7299779934681
Panorpidae,41.71366203554131,-81.78966848307017
Panorpodidae,42.995121437089985,-78.88170807214401
Pantophthalmidae,101.37180611658391,-167.67915699298808
Papilionidae,-23.85632509619501,-217.70995471838668
Paraphrynoveliidae,4.7089049273829175,270.2590742417811
Passalidae,200.35235065559934,79.20360839497015
Passandridae,230.80021604946205,-5.868274164401817
Pediciidae,88.3683269497871,-244.69471684425903
Pedicinidae,155.98188877019203,225.01226531595773
Pediculidae,156.55902656631756,225.1897609479302
Pelecinidae,-47.7994406833727,66.44530202297761
Pelecorhynchidae,149.75974914483052,-161.5435054625888
Peloridiidae,-19.590297657291234,243.52338923126996
Peltidae,246.32544280157822,32.477758153011195
Peltoperlidae,-220.83089812960566,-96.89304983165782
Pemphigidae-1,-69.95573887203412,200.24760194706957
Pemphigidae-2,-69.35811377962217,202.48500778753834
Pemphigidae-3,-66.08060959045378,201.74964389450008
Pentatomidae,61.85105696069664,237.0361518285716
Pergidae,221.63103401581895,-144.49166348532646
Perilampidae-1,-49.56321912615231,30.36673189051634
Perilampidae-2,-58.17718174683025,38.834039597024024
Perilampidae-3,-47.75917571482124,35.53068834710887
Perilestidae,-193.3383674945771,251.47055316251135
Perimylopidae,222.91968744436718,-63.53640378055093
Peripsocidae,179.7860825016459,201.70487197188157
Periscelididae,129.76809692931198,-214.90227416016236
Perissommatidae,173.43217616917215,-179.72942302892613
Perlidae,-195.6322007428549,157.41026158410946
Perlodidae,-218.8879207527283,-92.84955729149837
Petaluridae,-208.65022277008987,-246.22288644181896
Petrothrincidae,-13.539502483717182,-116.06181646907089
Phalacridae,222.9744529251891,-8.191431142602383
Phasmatidae-1,-255.35227784294213,-68.4024178187055
Phasmatidae-10,-255.0535101142978,-74.10278885871452
Phasmatidae-11,-253.62131870624268,-73.04320227909199
Phasmatidae-12,-253.18661964608293,-71.44906290473526
Phasmatidae-13,-253.34871459963088,-72.16753517464753
Phasmatidae-14,-253.5555166797948,-71.82970265162702
Phasmatidae-15,-253.55783310048454,-70.73943243316955
Phasmatidae-16,-254.60064859507727,-72.50846832025017
Phasmatidae-17,-254.28441700856465,-73.51011287908263
Phasmatidae-18,-257.4050474023934,-68.17291098927981
Phasmatidae-19,-260.2110587968699,-69.73874333266158
Phasmatidae-2,-254.52191245984375,-69.06713597287306
Phasmatidae-20,-259.84533763861276,-69.1678467850143
Phasmatidae-21,-260.4835139386116,-71.89770550724252
Phasmatidae-22,-250.00405607997712,-64.12539787536512
Phasmatidae-23,-249.27450937736364,-64.9126630693861
Phasmatidae-24,-255.90693640260943,-52.59947737003265
Phasmatidae-3,-257.16407362361014,-74.04859212542638
Phasmatidae-4,-256.3315672995913,-74.10020408688854
Phasmatidae-5,-257.1187524148544,-71.2405832156066
Phasmatidae-6,-257.59125122243717,-72.10866601547818
Phasmatidae-7,-257.46464298471653,-72.60657634168747
Phasmatidae-8,-257.8326420334917,-73.20548109674871
Phasmatidae-9,-256.76560267230013,-73.13736417086537
Phengodidae,237.54868445839568,71.19810296328912
Phiditiidae,-16.503571033261498,-231.64808967165783
Philopotamidae,-72.93363195732809,-142.6323594958533
Philopteridae-1,227.5042864136833,176.73195988039512
Philopteridae-10,172.99738896986983,218.0378429454484
Philopteridae-11,174.51084294811614,218.52492164915128
Philopteridae-12,173.94404540388967,218.0640586301359
Philopteridae-13,174.43898970729424,219.2804415246122
Philopteridae-2,160.84534267699934,197.20458078378044
Philopteridae-3,163.2202226176774,201.72465517842855
Philopteridae-4,192.84906701942523,201.7551723451777
Philopteridae-5,167.56112891349605,209.2574906837262
Philopteridae-6,182.50009478376202,205.57283750749355
Philopteridae-7,190.01171783764445,204.41866266021046
Philopteridae-8,190.86197467388376,207.5862032530801
Philopteridae-9,175.86558779586932,218.7394190323596
Philorheithridae,-4.1329047098854685,-118.57437550867044
Philotarsidae,174.83529219437898,208.6770403427755
Phlaeothripidae,232.56666155122045,169.2264769844106
Phloeidae,56.249583465938755,240.6002537325411
Phloeostichidae,227.67207666776315,4.247141394213871
Phloiophilidae,234.18091975939333,30.548588375555457
Phoenicococcidae,-65.92470987326824,245.24471347823146
Phoridae,113.53841592878217,-190.28132553749893
Phryganeidae,-51.368775271887706,-123.57179443233534
Phryganopsychidae,-55.72451722106158,-128.46505546156735
Phylliidae,-258.46432919796547,-52.09231085758824
Phylloxeridae,-70.4599208149727,207.58751042480003
Phymatidae,35.26396871313185,265.129904569227
Pieridae,-22.54147445904798,-215.2490234070405
Piesmatidae,60.685472388531366,225.75224711973704
Piophilidae,113.9529035264354,-210.24861870990995
Pipunculidae,109.13811570329413,-202.7020406861969
Pisuliidae,-44.482538390280425,-120.30614390846559
Plataspidae,60.32405730235084,233.92281398764266
Platycnemididae,-197.86802849344232,245.05969602264577
Platygastridae,-41.761232070990594,61.7790860394293
Platypezidae,110.02301547650688,-195.17558753317488
Platystictidae,-196.95065071713506,249.85195844481981
Platystomatidae,122.64470115820778,-217.76965611962424
Pleciidae,123.51650227271116,-154.38479663598955
Plectrotarsidae,-43.799539698449294,-123.47168782510421
Pleocomidae,209.8379510495883,70.68074984664055
Plokiophilidae,46.374597133650816,262.26502308427825
Plumariidae,5.383822474744718,80.33183720414405
Plutellidae,-34.04355332658574,-205.5136263056242
Pneumoridae-1,-277.69335140821096,11.051938374830724
Pneumoridae-2,-279.7377864506408,5.308519113905149
Polycentropodidae-1,13.05434134752456,-137.34528972310156
Polycentropodidae-2,14.846987311520051,-134.97319408430008
Polycentropodidae-3,-66.54600786307688,-134.91531261349252
Polymitarcyidae,-272.5806841232834,-175.89438916667348
Polyplacidae-1,160.71074585547134,225.18274821887564
Polyplacidae-2,156.9147728497215,221.07689906291546
Polyplacidae-3,152.44496784991745,220.65372999476685
Polyplacidae-4,151.31069586646345,220.94575804137418
Polyplacidae-5,156.99656378843957,226.49119898154115
Polyplacidae-6,155.52072562954055,226.89362933309485
Polyplacidae-7,153.81859569465715,225.93356711044848
Polythoridae,-222.35386067403834,-229.7973314079731
Pompilidae,-1.9433717584462882,73.01329759356848
Potamanthidae,-255.44366617626054,-201.43119378783857
Prionoceridae,253.5186313092148,28.26974660554663
Prionoglarididae,141.9967071727789,241.02554419857535
Proctotrupidae,-24.214551397112743,23.662660529928306
Prodoxidae,-43.292912992434,-175.1855235610969
Propalticidae,223.1135829041086,-4.350456029867818
Prophalangopsidae,-216.59685540214048,8.483887270757426
Proscopiidae,-264.8085402756458,2.4048996595163423
Prosopistomatidae,-256.5297996419077,-200.48517235101247
Prostomidae,225.62217629091813,-50.50903587611937
Protocucujidae,233.3234638958747,-28.502155756997244
Protoneuridae,-225.43889858616646,-224.94431624328163
Prototheoridae,-63.578396678401894,-187.718082299596
Psephenidae,166.09817569773273,55.27497139279134
Pseudironidae,-267.8704384305169,-181.1892466961363
Pseudocaeciliidae,179.68235252649293,196.47193713793752
Pseudococcidae-1,-74.93638516644486,237.46382834625445
Pseudococcidae-2,-54.346036620717825,236.72077003589123
Pseudolestidae,-197.053845131852,247.15409265879205
Pseudophasmatidae-1,-256.99411933767954,-68.01997540093024
Pseudophasmatidae-2,-257.64357984893286,-68.42558619221593
Pseudophasmatidae-3,-267.0060456747637,-56.98522153068222
Pseudostigmatidae,-224.51812938878479,-224.90393725105858
Psilidae,118.21101833812689,-214.582582568709
Psilopsocidae,185.58018917020922,202.7344253853017
Psocidae-1,187.14709903787983,200.73961851050217
Psocidae-2,215.5992813600586,184.01050208623738
Psoquillidae,212.1009054083424,189.37507362631516
Psychidae,-20.36710484765154,-193.94863234550837
Psychodidae,95.83745352864884,-149.15577431541885
Psychomyiidae-1,-67.97397578485234,-137.3793891273838
Psychomyiidae-2,10.854401032607685,-135.22966139409098
Psychopsidae,85.93613142038846,65.2305943974623
Psyllipsocidae,138.97041389738243,237.69185688257087
Pterolonchidae,-8.379321220488073,-192.55459597268646
Pteromalidae-1,-49.686849302372096,41.890896467383456
Pteromalidae-2,-60.62426076906508,40.393270323468336
Pteromalidae-3,-60.17415323370983,49.23713415265976
Pteromalidae-4,-53.61367417260422,49.67651884137205
Pteromalidae-5,-55.19005096699038,50.50142933616821
Pteromalidae-6,-62.27082523124885,46.71448218014536
Pteronarcyidae,-199.23016692261254,157.55104450827918
Pterophoridae,-5.626723204998345,-212.60094680585925
Pthiridae,156.53229135942092,224.92474724043785
Ptiliidae,165.4003536422951,-19.296711476644152
Ptilocerembiidae,-230.83739498939525,-34.84921757128941
Ptilodactylidae,168.05022333506767,51.17751784536013
Ptinidae,212.15956766387555,26.677455573524334
Ptychopteridae,184.5194872163205,-175.18561058242256
Pulicidae,61.86072291122655,-94.2799230338058
Pygidicranidae,-241.79277185563464,-113.2421325416544
Pygiopsyllidae,60.63693928052341,-99.53898994919467
Pyralidae,-14.380227139770628,-213.29153360620438
Pyrgacrididae,-245.90443706879321,10.772709324315066
Pyrgomorphidae,-265.4161702565596,11.46509055751597
Pyrgotidae,121.53375223920905,-216.74467750359898
Pyrochroidae,216.79681394398642,-68.08579383502708
Pyrrhocoridae,45.61798262294138,220.44254164334436
Pythidae,216.4495229027608,-59.59764364816806
Rallidentidae,-268.20417705412507,-183.30084819909803
Raphidiidae,106.69361075942622,97.91751139925125
Reduviidae-1,35.064417105924804,260.8989517743372
Reduviidae-2,35.10115453214767,268.0790256367895
Reduviidae-3,33.37804097181849,265.50043470833685
Rentoniidae,244.31684553885097,-79.38926956828573
Rhadalidae,250.46329290834205,31.139346915686044
Rhagionidae,106.41008614419182,-164.23536224585445
Rhagophthalmidae,238.34964981833053,74.0180432284792
Rhaphidophoridae,-288.7660491513543,-23.67108198806952
Rhinophoridae,131.3720388540494,-193.2576596009552
Rhinorhipidae,240.99213333066487,-101.79040629106808
Rhinotermitidae-1,-265.47770099273185,64.48387698175925
Rhinotermitidae-2,-264.5361644046669,64.763297258226
Rhinotermitidae-3,-266.0922082855508,65.85810569436411
Rhinotermitidae-4,-268.2960348133472,66.0183573491096
Rhinotermitidae-5,-269.18349602323906,67.19490909587064
Rhipiceridae,252.9655214548522,54.79690590359176
Rhopalidae,39.06260121786202,234.4234811306462
Rhopalopsyllidae,55.59568243550474,-87.62304344323283
Rhopalosomatidae,-13.683745634462179,66.42601441147819
Rhyacophilidae,10.741967735285236,-127.15665724531014
Rhyparochromidae,67.38459657262877,247.76267296453025
Ricaniidae,-17.093467284816352,199.43131298464047
Richardiidae,118.03573048026797,-207.31521357947085
Ricinidae,140.8193802973876,208.34778551281659
Riodinidae,-24.514945604816177,-229.6559174518465
Ripiphoridae-1,204.09347872927543,-61.97682347757531
Ripiphoridae-2,204.86238444491414,-57.27635885822743
Ripiphoridae-3,215.03193142677952,-41.007409656282846
Ripiphoridae-4,209.96630104614528,-48.18431935628558
Ripipterygidae,-193.40122496359888,125.27929891090939
Roeslerstammiidae,-38.2123936008736,-209.29453938830048
Romaleidae,-257.8040674434053,8.869459903354556
Roproniidae,-17.429045552573857,24.050313942926575
Rotoitidae,-57.501779462928475,26.458005984649088
Saldidae,32.9067283372911,205.22576616642567
Salpingidae,219.61618019756548,-55.55410889579558
Sapygidae,-5.518043606326471,72.94972676025763
Sarcophagidae,128.3180213876176,-191.19276005920668
Saturniidae,-15.196955109628151,-231.9640223572441
Scarabaeidae-1,214.17031009097948,78.59285741394112
Scarabaeidae-10,195.55568952481366,70.86971592951683
Scarabaeidae-2,195.96204524539326,61.95358213103244
Scarabaeidae-3,191.96749381779767,76.90157519406166
Scarabaeidae-4,186.0836755394406,66.73932574435541
Scarabaeidae-5,188.02588650439853,73.99216973841845
Scarabaeidae-6,189.01864613835062,68.68554401682711
Scarabaeidae-7,185.72919256042763,72.25934792472253
Scarabaeidae-8,186.38615784087753,70.13772375660707
Scarabaeidae-9,189.72167811448557,71.63180909236607
Scathophagidae,129.70996980754177,-195.36915614783706
Scatopsidae,110.94705543719019,-157.9003728354643
Scelionidae-1,-50.07213348660474,10.436317333464611
Scelionidae-2,-4.658814199106211,34.33712846792254
Scenopinidae,146.41777562539247,-176.8423864610507
Schizodactylidae,-197.06435906557712,138.74878856400943
Schizopteridae,10.206652616281874,272.1839973923296
Sciadoceridae,109.03901847696794,-197.12033116864396
Sciaridae,122.03226672642165,-154.63856552009415
Sciomyzidae,144.36937953865538,-201.782042371549
Scirtidae,119.54379756917108,-21.451497734608886
Scoliidae,-17.394067163008767,62.398524691621645
Scopuridae,-205.23644055883736,163.7962883382569
Scraptiidae-1,246.08015539535907,-60.98888682745676
Scraptiidae-2,250.25251151752198,-58.244908571809596
Scutelleridae,62.09714423212035,242.39208383845425
Sematuridae,-19.46529734118754,-224.19631291125532
Sepsidae,124.04816978824255,-208.2528251686911
Sericostomatidae,-11.483352749734264,-118.7092896404939
Serritermitidae,-266.6621083394747,65.35698603687355
Sesiidae,-31.122725108464525,-215.04537261888714
Sialidae,113.80799206702774,100.61665574951668
Sierolomorphidae,2.6532072758540366,67.0615108627663
Silphidae,164.15610438017745,-0.6294045375420201
Silvanidae,232.00913089174045,3.4279390951977664
Simuliidae,93.05372689567236,-134.95121276400968
Siphlaenigmatidae,-274.0316401305743,-175.83722624876103
Siphlonuridae,-229.26954126748058,232.12738055705717
Siricidae,-70.0187159434723,-10.716649665795371
Sisyridae,68.58348699618243,6.24780241617439
Somabrachyidae,-58.924687611683716,-210.5906015716415
Somatiidae,129.01792130053238,-210.30452312141833
Spercheidae,162.4630130944659,-24.588686857615034
Sphaeritidae,165.43315958724202,-33.594785698019784
Sphaeriusidae,122.93402307722636,-25.59150864634348
Sphaeroceridae,143.36453957256794,-209.1840773113239
Sphaeropsocidae,210.16462706626544,184.6158846881155
Sphecidae,-13.650019704193822,80.58864373834264
Sphindidae,257.76535053447697,-44.667766507698836
Sphingidae,-15.846782586721666,-229.80080380604335
Spongiphoridae,-235.62505954009413,-114.6441373024703
Staphylinidae-1,163.24075588036243,-9.845962451437114
Staphylinidae-2,170.5034460318078,-0.8122628573024839
Staphylinidae-3,168.26916640007238,-6.538980428717126
Staphylinidae-4,162.84822630342,-4.432419408599007
Staphylinidae-5,166.64584104056155,4.2238806324009985
Staphylinidae-6,210.1282005122745,36.54702253448844
Stathmopodidae,-13.518774222451679,-190.68010595774626
Stenocephalidae,49.500795298664904,228.46914583062548
Stenopelmatidae,-291.3712922299483,-19.058904509107748
Stenopsocidae,172.19635840053692,205.1321666532963
Stenopsychidae,-71.93727772789649,-139.45949088012188
Stenotritidae,-27.184097375283887,80.4400402680187
Stephanidae,-61.26415032735436,2.618300039737618
Stephanocircidae,62.313537272232985,-96.86971126382757
Stivaliidae-1,58.70600938895142,-94.6008472929677
Stivaliidae-2,60.43216196723428,-255.2776581887686
Stratiomyidae,102.23915649667184,-165.1495548974085
Streblidae,126.33393206097846,-190.70911456990987
Strongylophthalmyiidae,117.53265295163496,-216.86400482382743
Styloperlidae,-194.07839922488827,158.912071415879
Stylopidae,239.1292460153752,-130.95038505376849
Synchroidae,223.46466808494952,36.08945758678513
Synlestidae-1,-218.93471957058486,-231.01035156572073
Synlestidae-2,-179.65563332206787,260.2629843681189
Synneuridae,111.26258375640826,-159.52694837515006
Synteliidae,167.0401779862259,-37.88055584000383
Synthemistidae,-177.2284920043253,265.1603478205442
Syrphidae,112.33260063798566,-192.16764356300536
Tabanidae,152.57135118478467,-163.13770540581004
Tachinidae-1,128.90702081292721,-191.03543726496355
Tachinidae-2,130.7888471403136,-191.97320771061183
Taeniopterygidae,-224.9052819303443,-102.86311105937928
Tanaostigmatidae,-60.53353946318995,32.283365674533094
Tanyderidae,90.22404855310388,-225.9606908354832
Tanypezidae,116.60142701662693,-215.8603164917396
Tasimiidae,-11.47579515336022,-116.74665894013039
Telegeusidae,243.2281014031878,58.16832261532852
Teloganodidae,-222.80594645319783,237.89243035036114
Tenebrionidae,229.93357658156344,-73.362952908209
Tenthredinidae,-79.79412899016664,-23.60515799835326
Tephritidae-1,120.90051067383777,-217.74163396602682
Tephritidae-2,121.61248396784008,-217.85845833468164
Tephritidae-3,122.30027156535026,-209.84211260632287
Tephritidae-4,124.54155908201618,-209.70254007189303
Tephritidae-5,122.04456552867518,-207.89922087409394
Tephritidae-6,127.50774713333794,-216.8765211193572
Teratembiidae,-226.86758042434326,-29.570146007837025
Termitaphididae,57.280889773552865,223.40000932441512
Termitidae,-267.71260673964485,67.11379474309636
Termopsidae-1,-260.7515273731285,62.788703828750364
Termopsidae-2,-270.85326972404056,70.72657727776553
Termopsidae-3,-271.8382801673235,69.33112100310633
Tessaratomidae,65.02550067903974,235.55975860565357
Tetracampidae,-59.33581378309435,26.991888962351553
Tetratomidae-1,229.29672953518718,-61.804189034822514
Tetratomidae-2,224.635544621274,-61.14428523878691
Tetratomidae-3,233.10422552002507,-49.725950487446894
Tetratomidae-4,248.2569575056521,-63.48646124205907
Tetrigidae,-237.66180840277997,10.32190491311255
Tettigometridae,-26.601454679526714,214.2816252944485
Tettigoniidae,-292.6382988464912,-15.931528426494166
Thanerocleridae,244.67534678425676,29.52194387075058
Thaumaleidae,83.65115761596496,-233.15496067538928
Thaumastellidae,49.21937297233777,239.0063104417363
Thaumastocoridae,49.6256626244216,263.139028404796
Thelaxidae,-61.121886506822875,201.39867052924905
Therevidae,142.2204538510393,-175.27174817078125
Thericleidae,-283.82169312498206,7.342759993489597
Thespidae-1,-238.27914181429028,103.30412290498874
Thespidae-2,-227.16664908920305,102.77731013732908
Thespidae-3,-256.1291398291928,88.06261697525073
Thespidae-4,-223.6700740099819,81.72522305176234
Thripidae,233.90232854103587,168.50140219697988
Throscidae,228.8464048324592,74.20736455175948
Thymalidae,254.46427550572488,21.529025162512287
Thynnidae-1,-3.2610738033281534,60.71625692888424
Thynnidae-2,0.2681437348357946,60.51509163964278
Thyrididae,-11.4852682488138,-212.3494641537154
Timematidae,-244.0446589534907,-39.6460304398556
Tineidae,-41.00795347619284,-219.0194248408942
Tineodidae,-8.871886073246467,-212.20374680621092
Tingidae,42.57588278409229,263.52022521340115
Tiphiidae-1,-0.41681562110672404,66.97322960960122
Tiphiidae-2,-2.180678259116557,59.744695618977445
Tiphiidae-3,-3.0034622691325863,62.630011194816966
Tischeriidae,-65.4642261095514,-195.67289944475388
Torridincolidae,148.09449406363527,79.51509934629706
Tortricidae,-7.074193259393785,-203.07044377666207
Torymidae,-61.86502029452444,30.5779895460092
Toxoderidae,-233.4087921444461,109.21987488307221
Trachypachidae,116.77171853913545,14.172923952072116
Trichoceridae,85.91999539312317,-242.88654410376586
Trichodectidae-1,153.96870721620894,202.94594790420865
Trichodectidae-2,153.5131163699003,202.885258592656
Trichodectidae-3,153.65178268040705,203.4261717898772
Trichodectidae-4,153.0689030565261,203.93447597177294
Trichogrammatidae,-60.65801709202116,28.449941725641544
Trichopsocidae,177.21926751040223,208.59268780196584
Tricorythidae,-223.06744727338398,236.96318345919153
Trictenotomidae,246.77180554906874,-64.8209774745275
Tridactylidae,-287.908950536692,28.503443182057154
Trigonalidae,-0.6218229693233921,40.27443737447277
Trigonopterygidae,-275.5766509164027,15.812238217459136
Trimenoponidae,143.76734344290728,202.3504516300963
Triozidae,-82.28972560381457,218.3833450641707
Tristiridae,-262.58932865916944,8.686291039472309
Troctopsocidae,182.49986727626907,213.4318980521195
Trogidae,204.7286123341861,72.69673603646461
Trogiidae,212.18265947319895,187.23412581230204
Trogossitidae-1,239.89994452008236,26.428508627545693
Trogossitidae-2,257.6900101936838,21.58761302120875
Tropiduchidae,-27.896423616023124,199.36989799563145
Tryonicidae,-229.91817833032542,136.39239674431553
Uenoidae,-51.263143948446306,-126.58511086020332
Ulidiidae,116.20927993718087,-207.4162478332998
Ulodidae,228.61896337084315,-48.91770276382133
Uraniidae,-15.074127210257346,-223.78203509170558
Urodidae,-38.26306822623332,-216.5835860315287
Urostylididae,62.39129754296856,231.14665593111013
Vanhorniidae,-26.800778426914537,25.632872805630992
Veliidae,1.414377292569271,258.6701582398506
Velocipedidae,38.97450916207946,268.6136813984663
Vermileonidae,143.7157631033365,-158.6324413052948
Vesperidae,249.3222842699579,-29.980708424344986
Vespidae,-13.106804277939213,60.05827465607245
Xenasteiidae,137.33196881087665,-210.10182268995746
Xenidae,240.00250587587126,-130.29589092665972
Xiphocentronidae,16.013658600280646,-137.99959921187272
Xiphydriidae,-77.2096246584466,-7.238511960898232
Xyelidae,232.48833753712407,-152.08635957364118
Xylomyidae,155.8985313807926,-165.57389491539035
Xylophagaidae,99.38336720157001,-171.13878138133865
Xyloryctidae,-11.550870266867301,-191.2531050594923
Xyronotidae,-276.4691160975023,14.581696537002498
Yponomeutidae,-33.55419639143363,-203.37198370314292
Ypsolophidae,-27.901115046918363,-199.83247836718766
Zeugophoridae,255.377461418466,-32.95192102247211
Zopheridae-1,224.50305304006272,-72.57978366148818
Zopheridae-2,220.9407072478351,-70.90282420209253
Zopheridae-3,226.61501640343872,-70.91500569726108
Zorotypidae,-230.34695940213822,-117.75911486542296
Zygaenidae,-34.63804114723144,-220.36369590863907
