,x0,xup,y0,yup,z0,zup
branch_1,0.011997450710059965,0.0,0.04599294137191863,0.0,0.16540476865853088,0.0
branch_2,-0.03347239144451132,0.0,0.15711719952571637,0.0,0.080953480310095,0.0
branch_Struthionidae,0.13371048209061961,0.011997450710059965,0.33771890719599545,0.04599294137191863,0.9317001016021234,0.16540476865853088
branch_3,0.0009439088376440235,0.011997450710059965,0.04070959519820738,0.04599294137191863,0.20639726922982674,0.16540476865853088
branch_4,-0.12273719828375836,-0.03347239144451132,0.20941089619910624,0.15711719952571637,0.1915724431300161,0.080953480310095
branch_5,0.030986076788713054,-0.03347239144451132,0.3429520058753652,0.15711719952571637,0.06526168154232846,0.080953480310095
branch_6,0.022064481217191994,0.0009439088376440235,0.05248014744380831,0.04070959519820738,0.23109376879103383,0.20639726922982674
branch_7,-0.02140293098337958,0.0009439088376440235,0.04209291427246247,0.04070959519820738,0.25096005933155524,0.20639726922982674
branch_Anseriformes,-0.22111129641305866,-0.12273719828375836,0.2794088545675282,0.20941089619910624,0.17408806225392942,0.1915724431300161
branch_Galliformes,-0.08173192690945674,-0.12273719828375836,0.23721867883939532,0.20941089619910624,0.29846826078369554,0.1915724431300161
branch_8,0.14222361441296588,0.030986076788713054,0.3169337178929878,0.3429520058753652,0.09834940864678722,0.06526168154232846
branch_9,-0.06689305064613109,0.030986076788713054,0.43236075731397944,0.3429520058753652,0.04679227484639381,0.06526168154232846
branch_10,0.035152551696411585,0.022064481217191994,0.040674887392740035,0.05248014744380831,0.2407745476249124,0.23109376879103383
branch_Rheidae,0.038445835975452904,0.022064481217191994,0.24864030793974887,0.05248014744380831,0.8691040984728764,0.23109376879103383
branch_Dinornithiformes,-0.136071828212547,-0.02140293098337958,0.20402869262079057,0.04209291427246247,0.8771052159234507,0.25096005933155524
branch_Tinamidae,-0.007797824142960721,-0.02140293098337958,0.046381709583649566,0.04209291427246247,0.4422143795140801,0.25096005933155524
branch_11,-0.20945364013877366,-0.22111129641305866,0.32279168243571693,0.2794088545675282,0.2028156391599644,0.17408806225392942
branch_Anhimidae,-0.62853261912962,-0.22111129641305866,0.6618629976741819,0.2794088545675282,0.4085122973388752,0.17408806225392942
branch_12,-0.15640964288303585,-0.08173192690945674,0.23999608674820977,0.23721867883939532,0.32828480427304807,0.29846826078369554
branch_Megapodiidae,-0.041223642426653155,-0.08173192690945674,0.4569270052472016,0.23721867883939532,0.5334132423432686,0.29846826078369554
branch_13,0.2854422092876431,0.14222361441296588,0.1829466383880269,0.3169337178929878,0.13942368195768953,0.09834940864678722
branch_14,-0.006087229117729542,0.14222361441296588,0.35865024006359125,0.3169337178929878,0.04340252476236901,0.09834940864678722
branch_15,-0.17990448046689875,-0.06689305064613109,0.41284190842988044,0.43236075731397944,0.01576435139136749,0.04679227484639381
branch_16,0.05933795787341363,-0.06689305064613109,0.552933244642213,0.43236075731397944,0.09594731905158252,0.04679227484639381
branch_Casuariidae,0.07509379052049882,0.035152551696411585,0.05679723397887726,0.040674887392740035,0.5218055739904303,0.2407745476249124
branch_Apterygidae,0.130073195393092,0.035152551696411585,0.2021793461683351,0.040674887392740035,0.8781221486666451,0.2407745476249124
branch_Emeidae,-0.14964995862229555,-0.136071828212547,0.21456400239480836,0.20402869262079057,0.9188722495332404,0.8771052159234507
branch_Dinornithidae,-0.14216757728679252,-0.136071828212547,0.22345154082168192,0.20402869262079057,0.9642907726518143,0.8771052159234507
branch_Anatidae,-0.2510242601450525,-0.20945364013877366,0.5217630754290338,0.32279168243571693,0.36586515486819227,0.2028156391599644
branch_Anseranatidae,-0.5877862107313486,-0.20945364013877366,0.708876677133032,0.32279168243571693,0.38987101093593035,0.2028156391599644
branch_Cracidae,-0.13393437081216045,-0.15640964288303585,0.4371513221440638,0.23999608674820977,0.6516703439293935,0.32828480427304807
branch_17,-0.3090984283561898,-0.15640964288303585,0.30541101162248163,0.23999608674820977,0.3786145407072065,0.32828480427304807
branch_18,0.35170182687372586,0.2854422092876431,0.11489142231279618,0.1829466383880269,-0.0197875893565178,0.13942368195768953
branch_19,0.17618789945156732,0.2854422092876431,0.2081082507266795,0.1829466383880269,0.25104919664905584,0.13942368195768953
branch_20,0.0981259601070324,-0.006087229117729542,0.3499373956031159,0.35865024006359125,-0.04407942888783893,0.04340252476236901
branch_21,-0.11049120736537799,-0.006087229117729542,0.33061850970634266,0.35865024006359125,0.12711418885545234,0.04340252476236901
branch_Columbidae,-0.217844427331712,-0.17990448046689875,0.5921368247003869,0.41284190842988044,-0.0370619806825729,0.01576435139136749
branch_Pteroclidae,-0.3439569997400937,-0.17990448046689875,0.677505378186765,0.41284190842988044,0.09820529243985945,0.01576435139136749
branch_Phoenicopteridae,0.062075368401686044,0.05933795787341363,0.9358008266751867,0.552933244642213,0.22925944922696576,0.09594731905158252
branch_Podicipedidae,0.1338345801340378,0.05933795787341363,0.9062741275144653,0.552933244642213,0.09347538518639689,0.09594731905158252
branch_Numididae,-0.47330281449570966,-0.3090984283561898,0.4276438810781411,0.30541101162248163,0.48928599651207544,0.3786145407072065
branch_22,-0.28720904176287215,-0.3090984283561898,0.3137837113685298,0.30541101162248163,0.41962981278923206,0.3786145407072065
branch_23,0.37572048043260864,0.35170182687372586,-0.06352580932075763,0.11489142231279618,0.033330180963008806,-0.0197875893565178
branch_24,0.25447119998329903,0.35170182687372586,0.2622891338406004,0.11489142231279618,-0.06670909789842999,-0.0197875893565178
branch_Charadriiformes,0.187548073686071,0.17618789945156732,0.32451035039632853,0.2081082507266795,0.18611856464808182,0.25104919664905584
branch_Gruiformes,0.18025801626156424,0.17618789945156732,0.11799550380771219,0.2081082507266795,0.3316149383834645,0.25104919664905584
branch_25,0.05515692787776055,0.0981259601070324,0.35494965432361325,0.3499373956031159,-0.0723911297545075,-0.04407942888783893
branch_Caprimulgidae,0.14297405216329845,0.0981259601070324,0.3493563910566006,0.3499373956031159,-0.015928868942943576,-0.04407942888783893
branch_Cuculidae,-0.20631398709966403,-0.11049120736537799,0.407764368633109,0.33061850970634266,0.13336924837235276,0.12711418885545234
branch_26,-0.061166623262435015,-0.11049120736537799,0.3569140216322303,0.33061850970634266,0.1566434851345179,0.12711418885545234
branch_Odontophoridae,-0.26384722374684383,-0.28720904176287215,0.274699191439175,0.3137837113685298,0.48961333085933306,0.41962981278923206
branch_Phasianidae,-0.34155939482779973,-0.28720904176287215,0.38731520440212575,0.3137837113685298,0.39038378828457826,0.41962981278923206
branch_27,0.36915843313211116,0.37572048043260864,-0.056739950693477835,-0.06352580932075763,0.08532098560981516,0.033330180963008806
branch_28,0.37729632095656307,0.37572048043260864,-0.0700503332775128,-0.06352580932075763,-0.024490677837071203,0.033330180963008806
branch_29,0.3323397348525561,0.25447119998329903,0.24487675505639722,0.2622891338406004,0.06522950401016668,-0.06670909789842999
branch_30,0.19209252252401735,0.25447119998329903,0.28439729166908784,0.2622891338406004,-0.18512933162780051,-0.06670909789842999
branch_31,0.27013521890843106,0.187548073686071,0.282758054119524,0.32451035039632853,0.24372598186486588,0.18611856464808182
branch_32,0.12702067112049423,0.187548073686071,0.3937871580198154,0.32451035039632853,0.1489989771675492,0.18611856464808182
branch_33,0.13062704595132046,0.18025801626156424,0.13165929828476777,0.11799550380771219,0.402102599441964,0.3316149383834645
branch_34,0.3270359789261083,0.18025801626156424,0.15742249406185194,0.11799550380771219,0.40303308757106865,0.3316149383834645
branch_35,0.02450609571352055,0.05515692787776055,0.3722767910639018,0.35494965432361325,-0.09043210730582152,-0.0723911297545075
branch_Nyctibiidae,0.14796963958197745,0.05515692787776055,0.6069605088901758,0.35494965432361325,-0.10044510971838881,-0.0723911297545075
branch_Musophagidae,-0.08939451731121384,-0.061166623262435015,0.5929134193422541,0.3569140216322303,0.22944424939754304,0.1566434851345179
branch_Otididae,-0.12731807659283167,-0.061166623262435015,0.6599926472366476,0.3569140216322303,0.3254582689884339,0.1566434851345179
branch_Accipitriformes,0.40675439038847894,0.36915843313211116,-0.03952533599508728,-0.056739950693477835,0.013102461499219254,0.08532098560981516
branch_36,0.35207132018886783,0.36915843313211116,-0.07675405591634438,-0.056739950693477835,0.16103837574887386,0.08532098560981516
branch_37,0.3732173848758482,0.37729632095656307,-0.11109224039936741,-0.0700503332775128,-0.024317283041052084,-0.024490677837071203
branch_Cariamidae,0.4233968335638499,0.37729632095656307,-0.04489974544711482,-0.0700503332775128,-0.027409418245775516,-0.024490677837071203
branch_38,0.28493751964420816,0.3323397348525561,0.31015476084907245,0.24487675505639722,-0.034034658228665644,0.06522950401016668
branch_Gaviidae,0.6625011233302428,0.3323397348525561,0.30537483999784787,0.24487675505639722,0.2941185145158749,0.06522950401016668
branch_Eurypygiformes,0.34040411911999,0.19209252252401735,0.521315672629636,0.28439729166908784,-0.2883455832386605,-0.18512933162780051
branch_Phaethontidae,0.47613953389949615,0.19209252252401735,0.6803004859965354,0.28439729166908784,-0.5153094250102208,-0.18512933162780051
branch_39,0.2319409687715957,0.27013521890843106,0.2887979013580407,0.282758054119524,0.3189597474495268,0.24372598186486588
branch_40,0.3796419076271152,0.27013521890843106,0.3453985122444474,0.282758054119524,0.2186157095782569,0.24372598186486588
branch_Burhinidae,0.17214459002599009,0.12702067112049423,0.8707182249152038,0.3937871580198154,0.46066770719908356,0.1489989771675492
branch_41,0.23862688612387076,0.12702067112049423,0.46142503481740554,0.3937871580198154,0.12152067582565737,0.1489989771675492
branch_Chionididae,0.2374090975306473,0.12702067112049423,0.918741779029594,0.3937871580198154,0.31551416355844836,0.1489989771675492
branch_42,0.22209563357940343,0.13062704595132046,0.15289639042628858,0.13165929828476777,0.5598448574216236,0.402102599441964
branch_Psophiidae,0.23074358131027892,0.13062704595132046,0.346555944775505,0.13165929828476777,0.9092059524614649,0.402102599441964
branch_Rallidae,0.47861158037047097,0.3270359789261083,0.2104984846849981,0.15742249406185194,0.4658315350002746,0.40303308757106865
branch_Heliornithidae,0.5148456961026614,0.3270359789261083,0.27622538329931956,0.15742249406185194,0.8115615628875444,0.40303308757106865
branch_Apodiformes,0.01318553226465043,0.02450609571352055,0.37448997899102787,0.3722767910639018,-0.1330929897929928,-0.09043210730582152
branch_Podargidae,0.05510811973329493,0.02450609571352055,0.5862902787954157,0.3722767910639018,-0.0817523454531764,-0.09043210730582152
branch_43,0.46048189744868473,0.40675439038847894,0.027130858853073026,-0.03952533599508728,-0.026236813160178812,0.013102461499219254
branch_Cathartidae,0.7436121041432517,0.40675439038847894,-0.19150762592135187,-0.03952533599508728,0.09209130823095278,0.013102461499219254
branch_44,0.320311668090927,0.35207132018886783,-0.11299022481872703,-0.07675405591634438,0.2025289646308806,0.16103837574887386
branch_Strigiformes,0.46712792610320336,0.35207132018886783,-0.05070191291380564,-0.07675405591634438,0.14729686025348027,0.16103837574887386
branch_Falconidae,0.5689699472304931,0.3732173848758482,-0.09265413720809271,-0.11109224039936741,-0.08617723417497337,-0.024317283041052084
branch_45,0.3493695471352917,0.3732173848758482,-0.20974193525925183,-0.11109224039936741,0.0449343128151482,-0.024317283041052084
branch_46,0.2993004949579333,0.28493751964420816,0.2992527681049243,0.31015476084907245,-0.014227414348172315,-0.034034658228665644
branch_47,0.2794482910174311,0.28493751964420816,0.33099917184351224,0.31015476084907245,-0.055131643978979364,-0.034034658228665644
branch_Rhynochetidae,0.5150244229855853,0.34040411911999,0.7802431339339937,0.521315672629636,-0.3549197619072624,-0.2883455832386605
branch_Eurypygidae,0.47470149695417546,0.34040411911999,0.7354836293209264,0.521315672629636,-0.483445820651584,-0.2883455832386605
branch_48,0.2118241364668638,0.2319409687715957,0.3919372892510868,0.2887979013580407,0.3513948311429877,0.3189597474495268
branch_Turnicidae,0.5644740474977133,0.2319409687715957,0.47980493967974347,0.2887979013580407,0.6716808579296479,0.3189597474495268
branch_49,0.44128067473590826,0.3796419076271152,0.3419375509784246,0.3453985122444474,0.2855925087204524,0.2186157095782569
branch_Scolopacidae,0.39339785793948456,0.3796419076271152,0.4151358471633747,0.3453985122444474,0.19628030144036782,0.2186157095782569
branch_Charadriidae,0.26275668774881733,0.23862688612387076,0.5661945001417841,0.46142503481740554,0.1822486641489296,0.12152067582565737
branch_50,0.2889189229274198,0.23862688612387076,0.5056631689240751,0.46142503481740554,0.10294369156772637,0.12152067582565737
branch_Aramidae,0.3103988250057875,0.22209563357940343,0.22018787795913244,0.15289639042628858,0.9247524732723702,0.5598448574216236
branch_Gruidae,0.2991877402647198,0.22209563357940343,0.20114441927475607,0.15289639042628858,0.6485686640398047,0.5598448574216236
branch_Aegothelidae,-0.15423717251736044,0.01318553226465043,0.7524388088268525,0.37448997899102787,-0.22423134830801594,-0.1330929897929928
branch_51,0.11771605481184647,0.01318553226465043,0.40089097837547194,0.37448997899102787,-0.16723042005130043,-0.1330929897929928
branch_Sagittariidae,0.9774542001408942,0.46048189744868473,0.12253882935417189,0.027130858853073026,-0.17194631827611664,-0.026236813160178812
branch_Accipitridae,0.58698846115369,0.46048189744868473,-0.0036079125610425132,0.027130858853073026,0.03491700347441675,-0.026236813160178812
branch_Coliidae,0.7086307919050125,0.320311668090927,-0.2354948560133735,-0.11299022481872703,0.20074390657010427,0.2025289646308806
branch_52,0.2685058947637878,0.320311668090927,-0.10282577877332098,-0.11299022481872703,0.30833592775850827,0.2025289646308806
branch_Strigidae,0.5359156161046965,0.46712792610320336,-0.018329706941228804,-0.05070191291380564,0.19341089327039135,0.14729686025348027
branch_Tytonidae,0.6497677449324322,0.46712792610320336,-0.118285694797588,-0.05070191291380564,0.175607530787829,0.14729686025348027
branch_Passeriformes,0.015528409592113802,0.3493695471352917,-0.37403835983213024,-0.20974193525925183,0.31652777772404134,0.0449343128151482
branch_53,0.6186957449793394,0.3493695471352917,0.13136210156889022,-0.20974193525925183,-0.3540337222258,0.0449343128151482
branch_Ciconiidae,0.40552739516310843,0.2993004949579333,0.5682619323530992,0.2992527681049243,-0.11159198913942442,-0.014227414348172315
branch_54,0.35595686592725806,0.2993004949579333,0.25347429127397714,0.2992527681049243,0.04115978275992589,-0.014227414348172315
branch_Procellariiformes,0.33088811691754694,0.2794482910174311,0.34685377933835826,0.33099917184351224,-0.10614968037400985,-0.055131643978979364
branch_Spheniscidae,0.4516277928500998,0.2794482910174311,0.603873850153914,0.33099917184351224,-0.02659851174730884,-0.055131643978979364
branch_55,0.2400567757649371,0.2118241364668638,0.4023899291829196,0.3919372892510868,0.40722091107897856,0.3513948311429877
branch_56,0.2551241372281088,0.2118241364668638,0.36823546775198124,0.3919372892510868,0.3498689079756456,0.3513948311429877
branch_Stercorariidae,0.2807460700847448,0.2118241364668638,0.7659275506628561,0.3919372892510868,0.5783893704863023,0.3513948311429877
branch_57,0.438873255454106,0.44128067473590826,0.35041764796778113,0.3419375509784246,0.34226585298717593,0.2855925087204524
branch_58,0.5230852690663689,0.44128067473590826,0.39414606445541733,0.3419375509784246,0.27560820386700446,0.2855925087204524
branch_Haematopodidae,0.5539015150549687,0.2889189229274198,0.8138919877174201,0.5056631689240751,0.17541906765749293,0.10294369156772637
branch_Recurvirostridae,0.42023283333963135,0.2889189229274198,0.8910287442857889,0.5056631689240751,0.17167133711965898,0.10294369156772637
branch_Trochilidae,0.06859274589878425,0.11771605481184647,0.5996805434029585,0.40089097837547194,-0.3278441483319885,-0.16723042005130043
branch_Apodidae,0.2536384287812059,0.11771605481184647,0.5368113480580032,0.40089097837547194,-0.1545395478468622,-0.16723042005130043
branch_59,0.30271323997740707,0.2685058947637878,-0.054549380894621954,-0.10282577877332098,0.2966184321567859,0.30833592775850827
branch_Trogonidae,0.3867115458821386,0.2685058947637878,-0.24456617984612003,-0.10282577877332098,0.5242379820516148,0.30833592775850827
branch_Acanthisittidae,0.021102019564547353,0.015528409592113802,-0.8115705114378197,-0.37403835983213024,0.5838729520822773,0.31652777772404134
branch_60,0.1066067469076265,0.015528409592113802,-0.48337620610362625,-0.37403835983213024,0.0705860425670883,0.31652777772404134
branch_Cisticolidae,0.11906171265478585,0.015528409592113802,-0.7963387054274281,-0.37403835983213024,0.5930165168494812,0.31652777772404134
branch_Conopophagidae,0.052680537116760046,0.015528409592113802,-0.8743932684329918,-0.37403835983213024,0.4823492381735452,0.31652777772404134
branch_Formicariidae,-0.43634065446355463,0.015528409592113802,-0.24439719998211393,-0.37403835983213024,0.8659540728824117,0.31652777772404134
branch_Motacillidae,0.27119409228934405,0.015528409592113802,-0.8109636127908443,-0.37403835983213024,0.5184509595661086,0.31652777772404134
branch_Pachycephalidae,0.12636240497123963,0.015528409592113802,-0.6507659352624834,-0.37403835983213024,0.7486894246283057,0.31652777772404134
branch_Petroicidae,-0.1111493484052807,0.015528409592113802,-0.5551464834853773,-0.37403835983213024,0.8242923138434121,0.31652777772404134
branch_Cacatuidae,0.7489712651302988,0.6186957449793394,0.07244657543061357,0.13136210156889022,-0.3424497659324656,-0.3540337222258
branch_61,0.5842638954609398,0.6186957449793394,0.2029986453673048,0.13136210156889022,-0.4128724925532838,-0.3540337222258
branch_Pelecaniformes,0.34669042061982397,0.35595686592725806,0.2613004259675951,0.25347429127397714,0.06854018490766187,0.04115978275992589
branch_Suliformes,0.36962181470021055,0.35595686592725806,0.24874882124248543,0.25347429127397714,0.01422589784829694,0.04115978275992589
branch_Diomedeidae,0.645717179307356,0.33088811691754694,0.7465482979032237,0.34685377933835826,-0.1603550476949994,-0.10614968037400985
branch_62,0.3439541573549329,0.33088811691754694,0.3260962371767748,0.34685377933835826,-0.13348014462459734,-0.10614968037400985
branch_Alcidae,0.26779521994421995,0.2400567757649371,0.6425434016616155,0.4023899291829196,0.7179286256988717,0.40722091107897856
branch_Laridae,0.34673270024078207,0.2400567757649371,0.4465415143009897,0.4023899291829196,0.4048468720241271,0.40722091107897856
branch_Dromadidae,0.43904262674437194,0.2551241372281088,0.5165538950758605,0.36823546775198124,0.7351274755290346,0.3498689079756456
branch_Glareolidae,0.44442846136607195,0.2551241372281088,0.7586111791124529,0.36823546775198124,0.476435915467915,0.3498689079756456
branch_Jacanidae,0.6792978819961579,0.438873255454106,0.5092422459089759,0.35041764796778113,0.5284189028936053,0.34226585298717593
branch_Rostratulidae,0.6547949573183692,0.438873255454106,0.5559620451101928,0.35041764796778113,0.5120054518318077,0.34226585298717593
branch_Pedionomidae,0.7346325441526711,0.5230852690663689,0.5747575912842668,0.39414606445541733,0.3605110083411987,0.27560820386700446
branch_Thinocoridae,0.7367872045005951,0.5230852690663689,0.5339608861616849,0.39414606445541733,0.41476479857374926,0.27560820386700446
branch_Bucerotiformes,0.2565054082572679,0.30271323997740707,-0.04574369524203046,-0.054549380894621954,0.38831227404331387,0.2966184321567859
branch_63,0.3750603282795718,0.30271323997740707,-0.06804905414165777,-0.054549380894621954,0.23521200983016863,0.2966184321567859
branch_64,-0.015015507603467761,0.1066067469076265,-0.5964033027870892,-0.48337620610362625,0.08451525760880468,0.0705860425670883
branch_65,0.24062663092558942,0.1066067469076265,-0.48317562831279337,-0.48337620610362625,0.07291310610285918,0.0705860425670883
branch_Psittacidae,0.5110463672370135,0.5842638954609398,0.2800528821620921,0.2029986453673048,-0.47560819547555794,-0.4128724925532838
branch_Psittaculidae,0.6627032255426106,0.5842638954609398,0.1265331584899218,0.2029986453673048,-0.35245799576832054,-0.4128724925532838
branch_66,0.3938687853582365,0.34669042061982397,0.20355861340094483,0.2613004259675951,0.09600455346377766,0.06854018490766187
branch_Threskiornithidae,0.43472318917093256,0.34669042061982397,0.45765540135396476,0.2613004259675951,0.06067159202759483,0.06854018490766187
branch_67,0.4182508654648691,0.36962181470021055,0.31888613306644126,0.24874882124248543,0.050764941615427335,0.01422589784829694
branch_Fregatidae,0.8604755518314628,0.36962181470021055,0.5084638012139889,0.24874882124248543,-0.03232424076690086,0.01422589784829694
branch_Hydrobatidae,0.486852669949048,0.3439541573549329,0.5378855045205263,0.3260962371767748,-0.24913578530043348,-0.13348014462459734
branch_Procellariidae,0.5118564262193739,0.3439541573549329,0.4179660932220209,0.3260962371767748,-0.14553467858089195,-0.13348014462459734
branch_68,0.36499815763466376,0.2565054082572679,-0.1332165149667423,-0.04574369524203046,0.5702038159925541,0.38831227404331387
branch_69,0.31580488896379055,0.2565054082572679,-0.0008124842764084204,-0.04574369524203046,0.4637031038663816,0.38831227404331387
branch_Coraciiformes,0.3752546696656539,0.3750603282795718,-0.1379155189393555,-0.06804905414165777,0.23615031676266315,0.23521200983016863
branch_Piciformes,0.39700544947954525,0.3750603282795718,-0.0015345271808283902,-0.06804905414165777,0.2481502751624774,0.23521200983016863
branch_70,0.007046427604533805,-0.015015507603467761,-0.6296153902011896,-0.5964033027870892,-0.09553980376263022,0.08451525760880468
branch_Menuridae,-0.056117436529812395,-0.015015507603467761,-0.9163148492736843,-0.5964033027870892,0.39650553043666625,0.08451525760880468
branch_71,0.3551555919216458,0.24062663092558942,-0.4713068036912832,-0.48317562831279337,-0.08743096689024639,0.07291310610285918
branch_72,0.16170261312794829,0.24062663092558942,-0.562738046818964,-0.48317562831279337,0.24098061871275228,0.07291310610285918
branch_Ardeidae,0.5465045281498689,0.3938687853582365,0.26236677444053985,0.20355861340094483,0.09097821904834408,0.09600455346377766
branch_73,0.42816497821604066,0.3938687853582365,0.23798865787002757,0.20355861340094483,0.13950293052720883,0.09600455346377766
branch_74,0.40396569351478195,0.4182508654648691,0.3376501498081495,0.31888613306644126,0.05142909380509171,0.050764941615427335
branch_Sulidae,0.5002869237518127,0.4182508654648691,0.34724571808562377,0.31888613306644126,0.05795757886177579,0.050764941615427335
branch_Bucerotidae,0.33204261935789126,0.36499815763466376,-0.12681568174999605,-0.1332165149667423,0.6084180592044584,0.5702038159925541
branch_Bucorvidae,0.5673914529445419,0.36499815763466376,-0.19932882613384245,-0.1332165149667423,0.7627400470859684,0.5702038159925541
branch_Phoeniculidae,0.4512906914978664,0.31580488896379055,0.0011482091710805391,-0.0008124842764084204,0.5436306827180583,0.4637031038663816
branch_Upupidae,0.4819941655032912,0.31580488896379055,-0.00450845339931493,-0.0008124842764084204,0.876161516856215,0.4637031038663816
branch_75,0.377994926200627,0.3752546696656539,-0.16290349065006363,-0.1379155189393555,0.28387017890884736,0.23615031676266315
branch_76,0.42568280056719177,0.3752546696656539,-0.1325682342262669,-0.1379155189393555,0.22208142324565178,0.23615031676266315
branch_77,0.5035362226825424,0.39700544947954525,-0.001184122524462952,-0.0015345271808283902,0.2663446912627062,0.2481502751624774
branch_78,0.4642183066222065,0.39700544947954525,-0.0025645461083013683,-0.0015345271808283902,0.3390663792309685,0.2481502751624774
branch_79,0.007844115670764042,0.007046427604533805,-0.5799031184735259,-0.6296153902011896,-0.2883781345779494,-0.09553980376263022
branch_80,0.006263849907768612,0.007046427604533805,-0.6791432913566837,-0.6296153902011896,0.09478500740686945,-0.09553980376263022
branch_81,0.4764311773217515,0.3551555919216458,-0.4000800005125471,-0.4713068036912832,-0.2429619971897681,-0.08743096689024639
branch_82,0.2744289044982263,0.3551555919216458,-0.5864564687853064,-0.4713068036912832,0.05276567896107257,-0.08743096689024639
branch_Eurylaimidae,0.3247497419802087,0.16170261312794829,-0.8554663288889992,-0.562738046818964,0.4033776007069725,0.24098061871275228
branch_Pittidae,0.15377548939531244,0.16170261312794829,-0.7642406035475758,-0.562738046818964,0.29637663884635873,0.24098061871275228
branch_Balaenicipitidae,0.8634676491044394,0.42816497821604066,0.41949633264350045,0.23798865787002757,0.2800792198309162,0.13950293052720883
branch_Pelecanidae,0.6967579927777129,0.42816497821604066,0.43893452723772,0.23798865787002757,0.22808479761377198,0.13950293052720883
branch_Anhingidae,0.7493285167021363,0.40396569351478195,0.6617889060877853,0.3376501498081495,0.02325580091442437,0.05142909380509171
branch_Phalacrocoracidae,0.6716677597987648,0.40396569351478195,0.5305924205492191,0.3376501498081495,0.14817916741579623,0.05142909380509171
branch_83,0.38330686750780235,0.377994926200627,-0.15665213582145546,-0.16290349065006363,0.31295811626074926,0.28387017890884736
branch_Todidae,0.5327060171986521,0.377994926200627,-0.2409257934930685,-0.16290349065006363,0.3667110246242015,0.28387017890884736
branch_84,0.5129952908645364,0.42568280056719177,-0.18076493881882952,-0.1325682342262669,0.2828317244347211,0.22208142324565178
branch_Meropidae,0.5618679404318094,0.42568280056719177,-0.15290127562329153,-0.1325682342262669,0.2771548791814534,0.22208142324565178
branch_Bucconidae,0.623346763814118,0.5035362226825424,-0.0537034017384156,-0.001184122524462952,0.3293950443025151,0.2663446912627062
branch_Galbulidae,0.6562495063546779,0.5035362226825424,0.05345823006699186,-0.001184122524462952,0.3474624889524555,0.2663446912627062
branch_85,0.4969514155895291,0.4642183066222065,0.04321920735216223,-0.0025645461083013683,0.3608093286437768,0.3390663792309685
branch_86,0.498738187979016,0.4642183066222065,-0.04916996498268438,-0.0025645461083013683,0.3664664121437381,0.3390663792309685
branch_87,-0.26256086932025663,0.007844115670764042,-0.40373610293882,-0.5799031184735259,-0.4460202439133421,-0.2883781345779494
branch_Maluridae,0.07474253932153106,0.007844115670764042,-0.8999111671119242,-0.5799031184735259,-0.1448400400907561,-0.2883781345779494
branch_Pardalotidae,0.1467185214294696,0.007844115670764042,-0.822106148238937,-0.5799031184735259,-0.550104657834861,-0.2883781345779494
branch_Meliphagidae,-0.05696628219149138,0.007844115670764042,-0.967455944356212,-0.5799031184735259,-0.24654374154990205,-0.2883781345779494
branch_Dasyornithidae,0.1279491901021337,0.007844115670764042,-0.8362139212138348,-0.5799031184735259,-0.5332684697173956,-0.2883781345779494
branch_Acanthizidae,0.08654818031977905,0.007844115670764042,-0.8882999824266999,-0.5799031184735259,-0.45103495627099766,-0.2883781345779494
branch_Ptilonorhynchidae,0.03707558886414492,0.006263849907768612,-0.8882007783513415,-0.6791432913566837,0.04574559978635729,0.09478500740686945
branch_Climacteridae,-0.020013234018334797,0.006263849907768612,-0.8311376848537579,-0.6791432913566837,0.19095272678431782,0.09478500740686945
branch_88,0.40051342263309037,0.4764311773217515,-0.3800707239301252,-0.4000800005125471,-0.3983794748391067,-0.2429619971897681
branch_Pipridae,0.6398997935725969,0.4764311773217515,-0.4857607345453524,-0.4000800005125471,-0.09735825253709285,-0.2429619971897681
branch_89,0.35211806556390707,0.2744289044982263,-0.5699907190685022,-0.5864564687853064,-0.0010153528698631088,0.05276567896107257
branch_Thamnophilidae,0.2533576355422753,0.2744289044982263,-0.7565088914518745,-0.5864564687853064,0.1297066018748521,0.05276567896107257
branch_Alcedinidae,0.45873600713734786,0.38330686750780235,-0.16111255270815583,-0.15665213582145546,0.3669025956579712,0.31295811626074926
branch_Momotidae,0.4871205925905832,0.38330686750780235,-0.22825758682805825,-0.15665213582145546,0.40617472714659136,0.31295811626074926
branch_Brachypteraciidae,0.6826349643138789,0.5129952908645364,-0.26459439677435126,-0.18076493881882952,0.3537551695563669,0.2828317244347211
branch_Coraciidae,0.8323286030200732,0.5129952908645364,-0.26371918814686923,-0.18076493881882952,0.48667991979184294,0.2828317244347211
branch_90,0.5330408326105074,0.4969514155895291,0.04551571909040218,0.04321920735216223,0.3620782107005371,0.3608093286437768
branch_Megalaimidae,0.6477313137857488,0.4969514155895291,0.05740290023020881,0.04321920735216223,0.5019792604037465,0.3608093286437768
branch_Indicatoridae,0.5425767263206477,0.498738187979016,-0.06472990285227426,-0.04916996498268438,0.3509993132959663,0.3664664121437381
branch_Picidae,0.522161617129013,0.498738187979016,-0.039714744979618105,-0.04916996498268438,0.43359074395357555,0.3664664121437381
branch_91,-0.3401003799175377,-0.26256086932025663,-0.5585314788603998,-0.40373610293882,-0.17509196416262918,-0.4460202439133421
branch_92,-0.15623432769593748,-0.26256086932025663,-0.20386551289285662,-0.40373610293882,-0.6772155545054576,-0.4460202439133421
branch_Cotingidae,0.4702377111452127,0.40051342263309037,-0.35251991120011544,-0.3800707239301252,-0.5047833933347347,-0.3983794748391067
branch_Tyrannidae,0.3871232321912938,0.40051342263309037,-0.4509202555046462,-0.3800707239301252,-0.35202630965652837,-0.3983794748391067
branch_Furnariidae,0.4928890978991015,0.35211806556390707,-0.5641711725989746,-0.5699907190685022,0.10368501231469138,-0.0010153528698631088
branch_Rhinocryptidae,0.3751750310365212,0.35211806556390707,-0.916311153637942,-0.5699907190685022,-0.14005732031219342,-0.0010153528698631088
branch_Lybiidae,0.6071862635808082,0.5330408326105074,0.06989488245680624,0.04551571909040218,0.4207217005281575,0.3620782107005371
branch_Ramphastidae,0.8314559982766062,0.5330408326105074,0.046673710449794154,0.04551571909040218,0.5536250883830359,0.3620782107005371
branch_93,-0.5356391533544093,-0.3401003799175377,-0.4147024232537052,-0.5585314788603998,-0.1357679463324612,-0.17509196416262918
branch_Picathartidae,-0.21936419289451567,-0.3401003799175377,-0.9329734594219492,-0.5585314788603998,-0.2853738827693262,-0.17509196416262918
branch_94,0.06249015612378621,-0.15623432769593748,-0.3505390210869095,-0.20386551289285662,-0.6495268823756783,-0.6772155545054576
branch_Vangidae,-0.26272771268487327,-0.15623432769593748,0.20012540109088423,-0.20386551289285662,-0.7434258813660531,-0.6772155545054576
branch_Platysteiridae,-0.09449743000650902,-0.15623432769593748,-0.5979878270771979,-0.20386551289285662,-0.7959139341968584,-0.6772155545054576
branch_Malaconotidae,-0.35908227993431663,-0.15623432769593748,-0.6092429988329991,-0.20386551289285662,-0.7070226876622818,-0.6772155545054576
branch_Artamidae,-0.49956911246605434,-0.15623432769593748,-0.22865930512521138,-0.20386551289285662,-0.8355500106568091,-0.6772155545054576
branch_Laniidae,-0.18390606618079633,-0.15623432769593748,0.20315258531949065,-0.20386551289285662,-0.9617202203130528,-0.6772155545054576
branch_Corcoracidae,-0.4594389457286797,-0.15623432769593748,0.08116466514834358,-0.20386551289285662,-0.8844921415920806,-0.6772155545054576
branch_Monarchidae,-0.15551419140203487,-0.15623432769593748,-0.7143902799295566,-0.20386551289285662,-0.6822463341592973,-0.6772155545054576
branch_Dicruridae,-0.32283029556030446,-0.15623432769593748,-0.07140500742443523,-0.20386551289285662,-0.9437585080105098,-0.6772155545054576
branch_Rhipiduridae,-0.40854486137842133,-0.15623432769593748,-0.4218952160996702,-0.20386551289285662,-0.8093786006144262,-0.6772155545054576
branch_Vireonidae,0.003921882731127205,-0.15623432769593748,0.030960895211361927,-0.20386551289285662,-0.9995119999592859,-0.6772155545054576
branch_Callaeidae,0.038786787902656224,-0.15623432769593748,-0.13334945568162765,-0.20386551289285662,-0.9903088932311341,-0.6772155545054576
branch_Campephagidae,0.11374000731029521,-0.15623432769593748,-0.66664787006124,-0.20386551289285662,-0.7366423992270273,-0.6772155545054576
branch_95,-0.5506854474715066,-0.5356391533544093,-0.34084080940844835,-0.4147024232537052,-0.24141974874535446,-0.1357679463324612
branch_96,-0.5131892398591642,-0.5356391533544093,-0.4771009551752344,-0.4147024232537052,-0.03506488675313427,-0.1357679463324612
branch_Corvidae,-0.058253652734922404,0.06249015612378621,-0.2763292099252052,-0.3505390210869095,-0.7847526437080983,-0.6495268823756783
branch_Paradisaeidae,0.14217359049796763,0.06249015612378621,-0.5896956987116764,-0.3505390210869095,-0.7950128839873235,-0.6495268823756783
branch_Melanocharitidae,0.17736410627882807,0.06249015612378621,-0.47962450797182,-0.3505390210869095,-0.8593614709635625,-0.6495268823756783
branch_97,-0.7073750720607083,-0.5506854474715066,0.009211487540736049,-0.34084080940844835,-0.008411706260333598,-0.24141974874535446
branch_98,-0.6409883814937728,-0.5506854474715066,-0.27012556854456227,-0.34084080940844835,-0.037991406565646535,-0.24141974874535446
branch_Certhiidae,-0.48650849848656325,-0.5506854474715066,-0.6940736508006919,-0.34084080940844835,-0.5306314667581601,-0.24141974874535446
branch_Sittidae,-0.5235640237401517,-0.5506854474715066,-0.6317184971568156,-0.34084080940844835,-0.571673821986189,-0.24141974874535446
branch_Paridae,-0.5910335002321649,-0.5131892398591642,-0.3355495382858272,-0.4771009551752344,-0.17575963187067387,-0.03506488675313427
branch_99,-0.49170518106036587,-0.5131892398591642,-0.44299292015321606,-0.4771009551752344,0.32374068341333917,-0.03506488675313427
branch_Stenostiridae,-0.5179657358860847,-0.5131892398591642,-0.8040477306696772,-0.4771009551752344,-0.29192065151910296,-0.03506488675313427
branch_100,-0.6499599547016711,-0.7073750720607083,-0.1144397123582809,0.009211487540736049,-0.30236589892687926,-0.008411706260333598
branch_101,-0.678441441334354,-0.7073750720607083,0.12664082127945717,0.009211487540736049,0.2743492238298282,-0.008411706260333598
branch_102,-0.45160440308956556,-0.6409883814937728,-0.598217075684069,-0.27012556854456227,-0.1739110863175034,-0.037991406565646535
branch_Sturnidae,-0.654889901810556,-0.6409883814937728,-0.47198261172589684,-0.27012556854456227,-0.5902130660659054,-0.037991406565646535
branch_Mimidae,-0.8780511654796425,-0.6409883814937728,-0.15757005226600995,-0.27012556854456227,-0.4518823542125481,-0.037991406565646535
branch_Cinclidae,-0.8063085188126241,-0.6409883814937728,-0.09996788803184918,-0.27012556854456227,0.5829861288852205,-0.037991406565646535
branch_Bombycillidae,-0.8836139138602507,-0.6409883814937728,-0.11066528884209498,-0.27012556854456227,0.4549485739869532,-0.037991406565646535
branch_Alaudidae,-0.7967159926830373,-0.49170518106036587,-0.4388273018773562,-0.44299292015321606,0.4155402448791335,0.32374068341333917
branch_103,-0.4734915504655607,-0.49170518106036587,-0.578877451325792,-0.44299292015321606,0.12122358701555984,0.32374068341333917
branch_Zosteropidae,-0.34264056430258133,-0.49170518106036587,-0.8165925211268601,-0.44299292015321606,0.46451433467459347,0.32374068341333917
branch_Timaliidae,-0.6059247002698471,-0.49170518106036587,-0.601553793659888,-0.44299292015321606,0.520564846988721,0.32374068341333917
branch_Phylloscopidae,-0.21881142411784316,-0.49170518106036587,-0.9185306764086094,-0.44299292015321606,0.32927560820072654,0.32374068341333917
branch_Pellorneidae,-0.8553632241120519,-0.49170518106036587,-0.31146324529701414,-0.44299292015321606,0.41393703705971685,0.32374068341333917
branch_Leiothrichidae,-0.6928188064303374,-0.49170518106036587,-0.38021595563708965,-0.44299292015321606,0.6127294651960972,0.32374068341333917
branch_Locustellidae,-0.8641974835950075,-0.49170518106036587,-0.4443461620701097,-0.44299292015321606,0.23604801754240307,0.32374068341333917
branch_Hirundinidae,-0.29694812242057567,-0.49170518106036587,-0.9475926500864743,-0.44299292015321606,0.11785351533608532,0.32374068341333917
branch_Cettiidae,-0.7302823709354543,-0.49170518106036587,-0.2597025314298096,-0.44299292015321606,0.6318557769411725,0.32374068341333917
branch_Aegithalidae,-0.777380732118086,-0.49170518106036587,-0.25025820717940206,-0.44299292015321606,0.5771044065461465,0.32374068341333917
branch_104,-0.7418598533248605,-0.6499599547016711,-0.024552269636541873,-0.1144397123582809,-0.10565933149008663,-0.30236589892687926
branch_Irenidae,-0.7210772634509298,-0.6499599547016711,-0.26241091465060074,-0.1144397123582809,-0.6412394653317091,-0.30236589892687926
branch_Nectariniidae,-0.7217536123971147,-0.678441441334354,0.2005613132332071,0.12664082127945717,0.24146510446025457,0.2743492238298282
branch_Dicaeidae,-0.8998709856566479,-0.678441441334354,0.0843259597842076,0.12664082127945717,0.4279256857010498,0.2743492238298282
branch_Muscicapidae,-0.6397675660072017,-0.45160440308956556,-0.548155130788573,-0.598217075684069,-0.16245496267053744,-0.1739110863175034
branch_Turdidae,-0.3850953022529724,-0.45160440308956556,-0.8448452502393962,-0.598217075684069,-0.24214555101655988,-0.1739110863175034
branch_Pycnonotidae,-0.6822093265282086,-0.4734915504655607,-0.728251730560509,-0.578877451325792,0.06511425474854735,0.12122358701555984
branch_Sylviidae,-0.4978601644201243,-0.4734915504655607,-0.702853042525026,-0.578877451325792,0.2249814593018914,0.12122358701555984
branch_105,-0.7530520587368355,-0.7418598533248605,0.07723572696080895,-0.024552269636541873,-0.16709240233025405,-0.10565933149008663
branch_106,-0.7742546825703289,-0.7418598533248605,-0.12338758280596338,-0.024552269636541873,-0.05300862982884496,-0.10565933149008663
branch_107,-0.6948589319573544,-0.7530520587368355,0.10561027691546312,0.07723572696080895,-0.3931515382889837,-0.16709240233025405
branch_Passeridae,-0.9960322856716637,-0.7530520587368355,0.06109773384551241,0.07723572696080895,0.06469638168919284,-0.16709240233025405
branch_Ploceidae,-0.9689721215288062,-0.7742546825703289,-0.20089681565291675,-0.12338758280596338,-0.1439905386997928,-0.05300862982884496
branch_Estrildidae,-0.9936750635777792,-0.7742546825703289,-0.11187663035732684,-0.12338758280596338,0.009619688481771811,-0.05300862982884496
branch_108,-0.7410447259238601,-0.6948589319573544,0.24034068772651232,0.10561027691546312,-0.3186096727834527,-0.3931515382889837
branch_Fringillidae,-0.7674921400587501,-0.6948589319573544,-0.020201611929508624,0.10561027691546312,-0.542126712306831,-0.3931515382889837
branch_109,-0.811456863156722,-0.7410447259238601,0.22345458599179083,0.24034068772651232,-0.13664738748448743,-0.3186096727834527
branch_Thraupidae,-0.7260515865769281,-0.7410447259238601,0.2782848868730121,0.24034068772651232,-0.5408780235506916,-0.3186096727834527
branch_Emberizidae,-0.8736985957728179,-0.811456863156722,0.0359703018032056,0.22345458599179083,-0.15454915066299407,-0.13664738748448743
branch_110,-0.7581125107291523,-0.811456863156722,0.4112971663885576,0.22345458599179083,-0.12031977854037974,-0.13664738748448743
branch_Parulidae,-0.9020569452725116,-0.7581125107291523,0.4314239795777974,0.4112971663885576,-0.012906479900123533,-0.12031977854037974
branch_Icteridae,-0.8230557256140967,-0.7581125107291523,0.5044977249119647,0.4112971663885576,-0.2608855649226824,-0.12031977854037974
