name,x,y,z
,0.0,-0.0,0.0
,18.34772874817236,10.038375341152422,-6.965700878851499
Archaeognatha,-58.14272265628342,-252.89118825967643,128.51333185208227
Zygentoma,60.728251255828546,89.06033441150316,-87.61273338596497
,30.021863657212506,15.951692661608051,-3.9887857572628027
,48.5405488223204,189.2909346430091,-119.0992106733037
,51.832330954314884,-4.279303102447494,2.405902593571409
,33.74166094567445,59.41070001828758,-13.702945174457684
,96.0195223705538,-69.55934267327622,-45.84154189414289
,61.96593482187242,14.762539333174173,37.031638020724166
Odonata,42.37146912008209,216.60017880968147,-91.34146955414025
Ephemeroptera,112.91588173171142,160.36353489456812,-7.048624472816782
,73.48839699391023,-81.59332407137491,-64.04438122809088
,101.85317583329315,-74.90087277315789,-49.89900985293283
,79.40362219715824,8.883387589615944,44.00225825333985
,53.6285561631532,28.113519417227977,55.50206451536975
,19.05483872520844,247.38492359970536,-106.32040521726871
,39.18157086324424,215.12792510016993,-107.72458278198452
,122.67265063654753,226.18955404977189,-18.31223885626421
,156.0165264459346,161.27666547761987,14.381680365134445
,78.60903701058842,-88.42700479392464,-92.75029898713625
Plecoptera,100.76817937298958,-131.0769108895188,-80.84098862306264
,91.59189599529859,-76.41746610138848,-65.15686315685517
Orthoptera,115.99589961826038,-75.28471960968075,-35.99937039835296
Hymenoptera,98.43848955381722,9.031957373479239,126.63955755472563
,101.79009151493447,8.400855351497713,9.166710404200295
,64.3439169007874,5.238533214002141,71.16937354970858
,55.05836479748589,82.80940442192225,90.0548759506729
,13.32229335487906,259.1483703218196,-104.27853602004443
,54.39879954597543,214.27985112317944,-107.78274588375318
,167.6464655478997,169.66665217290426,12.852630027569527
Dermaptera,101.8392170539546,-160.047812731883,-133.35278518211618
,143.75703317457055,-147.55451182082396,-60.29453721029575
,133.35913351445183,-62.369870432339,-115.67736367131411
,108.71099387129725,-161.27461080534243,-78.47972638524989
,158.92661232432744,-68.27345359264024,-25.04271055780757
,139.64544344735575,-123.04231346941904,-61.07358621681052
,93.96511886239999,26.644785305524774,139.62581342349245
,106.4843146186339,-39.08116301788865,11.332743313470335
,118.44169401112454,65.44699156973826,-11.682025504412778
Hemiptera,93.22321738384454,-17.779443983744645,109.83930639393601
Thysanoptera,140.83058037618463,27.126082887278887,162.21021579495874
,58.499303829239636,130.79408568290893,109.54342150265248
,15.662157637213966,271.8962403456716,-101.45146257331125
,11.15573070119146,318.7739245996454,-134.3089153381047
,51.84071517835629,210.79670484987034,-118.22825945944392
,239.3079051646561,223.2957767762497,21.414785415810766
,165.18487703017806,179.80105771263115,9.346738133111032
,89.4100176657202,-170.86564759100267,-135.4153736605522
,122.92539822780536,-184.6772984678222,-149.3002793098606
,134.25521271187912,-155.40058339937218,-109.25319411949863
,148.78607314036546,-43.53618711305299,-115.41881241895818
,137.7469703014591,-72.96316758545815,-147.6756219249098
Blattodea,102.5147329061676,-164.23062613656916,-86.46716322103134
Mantodea,116.46015461169603,-205.66130216689584,-73.22491331074558
,245.50715239986525,-85.19072645483631,-45.920986885651566
,212.81732512499661,-92.37845391491672,-15.870647276236035
,127.56294945914037,-131.29147466310343,-90.3726961500019
,192.8845495743107,-163.58455595071527,-51.40424002344728
,88.42151789864475,52.17516699641038,135.9931727785286
,127.75222230843764,11.973371169753884,207.79584607414853
,103.00478276442198,-72.26775160392188,4.200339344395994
,159.51796458625202,-43.34901947866654,28.34438159243256
,105.36154781301659,83.94539475521341,17.329981173584788
,153.96241389411398,85.28595285646612,-68.3512286624913
,94.83155733310889,-0.08909715094826143,138.75406665681757
,96.7927823098153,-50.86581848167652,102.85534362762805
,168.54174993938076,-35.74004773806477,171.35880591441955
,106.30092052354568,78.01929367821,171.73914801217467
,41.049065212648905,157.19299533905485,82.97738228852474
,30.20476502352955,273.3116331150726,-103.15058258019143
,2.330054174988484,311.36677876202646,-111.57564573822097
,14.740617239578835,345.5887718295333,-149.10196630276556
,71.79154589530647,214.29867891745167,-119.78939827299845
,248.8449670706002,246.84597826638708,3.481616479045278
,157.70962678024,194.17423524565044,15.118533024953573
,100.9896386174135,-155.50273807399668,-145.41848421957334
,154.8373053471993,-155.98783263520536,-152.31591001411948
,135.4588366931821,-151.62356247656786,-116.42006211405207
,127.76705719930101,-160.62056497531785,-122.88423284249552
Phasmatodea,167.88383021976662,-33.68693309293374,-127.87384848144828
Embioptera,200.0250103758739,-64.11300909198609,-152.5465567716035
Mantophasmatodea,219.09360391751318,-127.29952987867505,-245.67580295744995
,114.03634761876313,-156.0526560115973,-87.18267782663942
,92.8180232157502,-182.29028651303156,-94.05211764802654
,100.38120966754374,-243.70767181160295,-67.37745178627823
,242.84624621103896,-88.68249530176915,-52.92517849006026
,240.61702760698276,-111.24687061429218,-14.53684609587143
,160.24987245433078,-144.10089621483672,-82.37654278603618
,184.7931042531373,-166.78242502112673,-72.21271044068536
,87.6425754112314,60.89153730103615,139.83554735642878
,128.39254290096918,80.79666197002646,197.10914921576435
,140.13467213381193,14.286462924760556,227.72097892292416
Coleoptera,133.02491485321215,-60.64956543538553,44.57698020676746
Strepsiptera,187.6178681774702,-236.35041213667293,-78.88755476630169
Raphidioptera,292.8909727401941,-95.41192196208915,27.664312949412725
,167.14448855729546,-30.622973061217007,48.52539479206427
,199.33289557069972,137.26953613186697,25.515979882861924
Diptera,120.17913217287061,126.14318533183602,41.98378626331548
Lepidoptera,203.97340017416516,87.7540489352265,-88.41131560198471
Trichoptera,148.17013792092976,102.64859255622872,-92.84530662924213
,93.28157305733154,-4.7284381227945795,142.07854407728675
,88.54202768283548,-72.01361657273671,99.10823565308013
,106.67246068481317,-45.48314451900327,108.734157354694
,52.89805424743709,153.0489827865619,98.23407584543142
,25.406929199835787,285.3684594297054,-109.55441228676582
,46.3482471049248,301.86912336563034,-112.67613341638169
,0.5119652236417577,314.34125145516924,-114.98978271970043
,82.77276123789791,215.34255311083484,-130.39424574644275
,72.79444003945154,225.3933105900743,-116.11158400207347
,149.83433791887072,204.62368778515156,13.468744357900619
,213.19124724419223,249.10228992192722,25.135380421155418
,204.42258049276955,-83.96935267064575,-162.2433762456929
,161.98081351145157,-173.42959453185924,-91.55435992377886
,142.7508084475191,-186.87784692883855,-106.1145954127975
,219.46555503703613,-76.38677962565913,-181.66746000357426
,220.5344054477444,-109.29497973594694,-200.15814142357647
,118.52015609959433,-157.23544832353625,-88.62017757340179
,101.99038546295378,-179.81531594950897,-99.555688118687
,86.75121584911386,-210.35860559234473,-100.9245271978903
,84.10770039797127,-268.84843749714605,-53.7891816119922
,118.03433673151497,-258.44520386821745,-85.3442631032951
,241.74408656802783,-94.03875433434642,-48.54346591025335
,242.6189582495358,-84.65984080915179,-60.07254982123432
,156.38561425212114,-173.67449248032025,-129.70294095912715
,91.91868209702078,43.12204804748306,143.64687778648823
,81.06774689828171,84.37973440783269,141.61125940441084
,143.61881632405363,-0.8362307020941819,242.97594557358764
,154.14066845297947,33.220754547143436,243.64175764687693
,131.48154436330023,-73.92977243644393,24.65962617107401
,126.97704787495472,-35.10208065430464,78.05660209249785
,171.92159019700017,-241.64709731228632,-96.6171581983302
Megaloptera,199.5515317738147,-56.95247680982395,35.85495212639786
,165.2309447264428,-8.390840140885024,75.59095451943844
Siphonaptera,206.55118529897433,169.0245970582052,9.6345067055954
Mecoptera,227.55493367458823,122.09033748264693,42.95625376551273
,102.60535033040773,156.7134808501728,38.638783376768124
,222.37199650065165,91.82094137026074,-60.82997304622888
,137.92219539576934,124.580059308851,-92.3308718830208
,89.9907522549563,-24.89481869679208,142.09868119336585
,96.66877820904831,-76.96146331351466,87.06419755876675
,89.72011899356427,-87.49364239208694,129.1414371674246
,141.2547890113828,-37.464315078909735,119.63724783024229
,65.08118797839616,152.25408555252267,115.61841331614038
Psocoptera,52.572225799458074,174.5527594159664,102.02777811474016
,27.047343744982655,286.2656170232885,-106.7861257222316
,88.94953566575512,218.46797953560556,-129.19276017927302
,81.14848161410934,212.51529306572738,-135.93593583719885
,69.35960004389158,225.81833377471452,-117.3814334204715
,182.8091748083267,265.69094811766894,30.156344112521833
,153.05053584628826,204.9729028352049,2.546978618622775
,236.98445656742692,274.9667879659877,33.39173172010289
,196.07686004924227,-233.44460519717111,-54.6331155995075
,117.88727473390036,-172.9958514065362,-150.78612733518275
,225.69776830923496,-78.68011404126085,-195.4267236025991
,241.59554516757976,-99.0888850138389,-198.71262053458446
,228.32851649809837,-101.41027247386332,-195.51507192635057
,109.49385419835859,-182.87394877561798,-103.02116550920428
,76.53927757981072,-217.28354497962764,-94.29674785919032
,97.74608878380407,-223.8609716289547,-115.30143572005483
,98.58624529322745,-272.8462434968584,-59.9493444090015
,67.243013485372,-294.2550794283561,-45.290527949357276
,115.47373067438556,-274.06807188632376,-85.91227185997327
,243.82675876626655,-90.19868674327299,-45.306372722513935
,258.6067755525682,-66.63867774966,-68.87596802813137
,163.34072967575258,-177.02018771447933,-130.01504048044904
,96.59588550104867,76.64657918084204,163.79509155671332
,127.69627236434224,93.17494850335088,208.34890983679568
,158.2672515585307,77.09584531237594,246.83767908745082
,160.18173208686335,2.4874702375036937,268.82823695813704
,192.52871118066963,-91.17668254615643,42.02674886292897
,150.70797350480083,-106.67185335139702,14.013333972124203
,128.84783453099266,-42.77624030268295,89.90911935806926
,251.7288788534099,-39.50121028927531,167.09569325429703
,175.77414183415954,-34.767259956344134,47.22539172653144
,254.1338248421986,191.70947641740415,15.961664451100223
,227.8804933932041,215.9106125794786,-1.7315582531878595
,230.0152930452816,128.6597864672303,38.481737574917574
,76.55639546791191,173.21627740522163,26.742627624786213
,163.42711274022722,206.01233192376452,68.0839130717801
,231.14126080112572,88.56280134509123,-60.47545928346035
,135.10335616604607,135.62177084381258,-95.11862919703894
,138.53458601240948,124.83262567088046,-91.2722570265717
,88.96297502630999,-44.47629936399669,144.0228496019114
,158.76013647926686,-26.251672952330587,257.6909432442695
,104.76675552350191,-96.3749353269112,100.7437155078572
,110.70227014951557,-107.36253566138417,169.9077753914084
,99.31067947139745,-104.6550078419298,148.9069904040592
,152.66657882342216,-46.181168944669736,143.4990968343864
,155.99685262043354,-26.3369039656393,111.16096050524365
,63.4830490845664,174.28372199888406,121.02355502802885
Psocoptera,92.13992542007574,173.98112155875012,154.92472405577612
,62.887333613988424,156.85203865629833,138.59382825893115
,25.02232013270884,326.78107367128194,-112.78065586544555
,35.39340303482974,308.72133207084113,-122.63950981522686
,109.05945294375294,278.6545129957674,-159.12005208655947
,72.25333666203649,217.26373157283885,-138.41642015077807
,103.08549989075095,238.75543257089774,-157.01622106718767
,57.99785419774609,238.72724533479627,-125.57238943854091
,189.6408057160229,222.6517540249093,-2.4850962896766275
,140.90622028874117,214.606019138226,2.867523193586853
,248.33313623896422,291.99387686137413,38.36179311952304
,259.08957857230274,-268.495172340335,3.040235934398788
,212.83690989908655,-281.03176338559496,-95.35578325935724
,149.17723273145637,-210.9196126960896,-207.3218114177012
,123.56422613813795,-197.4924063128859,-177.93618450620855
,256.2138687165353,-77.97754495402572,-216.63519721765093
,236.4208078399273,-93.2325993917012,-213.7956216624333
,245.17754767570304,-102.8895023923104,-208.44640556249473
,230.67057713617302,-150.00123101832517,-234.8396965137869
,262.4382703645519,-64.92214843907333,-190.58472122314768
,58.29087175928399,-241.80497389727302,-86.87458772068354
,105.7033914847565,-236.809368014992,-118.7581054944767
,115.41196020237423,-268.95431937092627,-65.96536744329545
,100.08389667114103,-317.3302024764037,-64.64909560576517
,66.16179681761504,-303.71142939810454,-49.303794131153765
,261.5803046527872,-73.68021032835601,-67.7590989230512
,290.0345768801933,-57.71278746064339,-81.70563678143279
,204.5421438331117,-201.094931071424,-113.95949938746408
,103.20437276780476,53.21938167790578,172.41498856981048
,167.2051811966387,-3.3361510505922447,285.04959553368474
,178.70300715094507,-136.92281304692392,-2.075675982129802
,155.09059687101808,-127.29788499541726,-1.0831436353825314
,182.76313305371838,-121.33633861891931,26.981857803972268
,132.54403387290301,-54.89320126439665,77.03269748066512
,163.8006221847567,8.989291218483388,94.98357664811313
Neuroptera,199.22140793107238,-109.66121220586543,-17.722919349164478
,218.56445636914958,234.98952477933722,-3.8466491422772613
,216.23506865188375,156.58135932208154,29.762916293407528
,90.29563717190594,168.37214754991788,35.324111448672
,183.81064911583184,289.09676395528305,67.13283952880155
,227.42523191975775,104.3191978997966,-66.065811519481
,143.01501029704602,117.37288282180195,-107.07029654530834
,126.75917682961642,162.54437216497516,-86.5915681885539
,146.15408438736185,178.41746788830721,-91.61706155173944
,97.19103895571251,-62.32191314139543,157.95307950466815
,92.54767783774396,-42.94953650658666,153.44481279865096
,177.5936079659651,-35.76803912201939,293.5137520401075
,160.00343408622672,-13.88965329923094,259.51265296911293
,170.55323707672758,-135.78609390617413,149.85562288387717
,144.99875574974732,-162.9226419831708,159.14463871422845
,109.56075015874775,-128.5278395931715,169.95823095028973
,157.3090648624161,-40.8430904754542,171.5683870477628
,159.96764206857955,-57.89668265901968,135.18996588105378
,163.33641702980108,-29.667369050021605,102.29256532168476
,153.6238306101315,-18.216720282526364,115.98827289533507
,81.49692944334555,183.71604688080188,134.77219737832223
Phthiraptera,55.97084845672161,211.03308794917731,134.74247151741577
,86.07000776607163,183.02491501915813,179.1824607211945
,71.6829265633173,191.28061891081265,178.9677699520408
,17.911055045931505,339.79590335742023,-114.40905569033404
,42.609749032634916,333.4807399139295,-132.3149539798338
,84.49621252237584,233.83868793874913,-161.7639381009584
,70.76197188663893,248.05859600802265,-145.21955283832833
,130.8324185612058,290.8095930423608,-196.89444608638502
,43.09370750845663,240.8172092576009,-135.6881745704663
,149.99525755591372,247.24500143372475,-1.5254140520489914
,144.37649831188978,214.46279490193695,7.266092007058259
,259.93990831218264,310.1692479494033,40.61291203314559
,129.6965156104947,-204.433256624458,-189.71088224660068
,255.84189663054477,-65.72392161854508,-221.09306359279248
,295.95924928136037,-99.20363995909955,-242.89576721160557
,250.65621771810385,-105.09382013449355,-228.36732666653268
,238.05284245749073,-92.41910790914373,-217.54600718421278
,252.89226559296023,-98.78598188325127,-225.61705226173515
,271.6018949463361,-94.43760060028168,-208.43311802315566
,298.0406133249883,-23.957276302865033,-196.27563651986608
,64.13533815637787,-260.142679569935,-96.9510402074473
,95.41154748746291,-279.19823312224605,-61.394773478213665
,80.13265467472178,-356.33709216784786,-65.14614524601508
,263.24399990749896,-95.53100657877526,-79.60616262143448
,296.067618873957,-77.91356409408976,-63.93242658563107
,266.4642465666914,-216.2511361808883,-46.451056097488184
,106.56053881419895,69.67560417060695,180.24584955890384
,181.649099316688,-132.94886043506258,3.8903926165182696
,225.13712348916778,-113.21116140074909,30.85646607320338
,195.5994749968503,-55.459938834939244,86.70600376554866
,200.02181390831208,-52.47265398521927,117.74073186700727
,126.22672601411071,-78.71267722059822,68.41942821057064
,206.19806779553855,8.788021459413976,106.83392942916343
,261.80346680023985,-93.22460974605337,14.051142138963268
,177.39185664113484,272.02728109174365,-26.209585470484058
,241.08656976954555,211.6103032811523,10.180396632606588
,176.8587155790807,202.06684689859256,7.15138423682182
,96.7821107102382,183.81852071078364,47.84710861494545
,97.07745025332135,165.564539534611,30.242799366066514
,221.30458530802693,117.88239256938263,-69.39848086879562
,237.5141458727821,99.39870297729354,-66.75946710628736
,145.99499951173885,174.83521219009194,-101.83756012256868
,154.90524149005887,183.7433802611098,-98.7665053077315
,103.67318427373698,-69.60683345558165,174.73786241891935
,100.09959882180982,-46.66994020635655,163.9382564765477
,99.57581732354357,-44.59801264126887,168.84750098008556
,162.56015563337442,-16.90619116099325,265.15023516641185
,201.5203838235044,-157.54504095711002,171.45043513599953
,157.20377145741864,-174.78430976485464,174.42184416783536
,107.26202562822235,-138.06988998945278,173.17196443706897
,156.77788146606977,-45.41592206475126,170.9037778039571
,172.71056594718553,-65.40078837081018,150.82256196299105
,171.77321807463272,-63.47037393740536,134.54872346259813
,210.50329889128577,-44.115777234934654,131.84758443054636
,163.76200657137613,3.1641929748703905,143.7134881619093
,82.24243599591239,173.45073535025205,157.91728902205443
Phthiraptera,118.27043821254043,265.14861187586223,157.86924029650982
,71.08804692598451,240.27703448231773,137.6420064271231
,108.56835686723045,233.0261596287868,231.98979902824377
,18.933410116895622,349.1496429121597,-115.83321335444684
,15.023852668898547,360.5375906030657,-121.98740536040187
,74.51672096881593,236.95003635868323,-162.1408404540547
,76.49263605929825,247.51163710107517,-143.23375430940257
,149.39783130529867,251.4164341929817,-7.493478495310437
,150.76451242559926,251.41094227630725,2.4888994184316307
,155.44690127859076,206.65269177172144,-4.752433207773823
,149.93912128471283,-236.1559059026149,-219.05651642803932
,284.7276384112423,-73.38573314828857,-237.6058890099962
,277.8321216597119,-65.95208539454347,-250.87665482221638
,249.7759244982793,-103.60146538597854,-230.0078483681228
,260.60371377324464,-88.44115765317315,-246.86472532271958
,78.83381174735253,-279.8243884659574,-113.71311518900923
,87.10548081761101,-285.5611073262894,-50.07281882370728
,80.14810995516201,-362.54162720545753,-65.09422531564773
,281.63599132414754,-111.68517907139885,-80.59237630128479
,260.87885540200426,-94.6749095752792,-87.97500857411976
,319.5791639884989,-81.01552234138565,-63.60950376035132
,107.05693722095107,67.46949829008273,181.298247461033
,105.58183959187754,78.12132535117676,180.32885065442807
,179.1222161898377,-146.41778433124844,-5.827971312441175
,205.18438054671992,-131.39211241315414,17.168481628212774
,234.56904507882876,-133.65457996556916,22.13855915351499
,184.56359766627185,-31.917859413337972,130.970322587382
,112.13310696915087,-134.6128190494265,35.40525588965883
,183.05434523406467,36.359764971831076,140.69887708140797
Neuroptera,239.46072227218875,-27.84968062729519,72.06289593500539
,229.99295737791385,277.8637018690672,-11.77658739148452
,278.31897057806634,180.0044084250756,27.686854743406023
,240.06186150699858,260.48429980847146,-0.8509440001532907
,239.8596259426699,189.3255625461488,34.32140826124189
,144.67310737933178,303.12346463354817,-31.109474008514425
,119.90336999997814,179.32530862643515,64.70777753231918
,86.26333783183571,217.9699835534727,42.35298738341138
,109.43605259711984,175.60766122556495,30.9244730810021
,117.65651248464465,206.1770136607655,36.754510367697165
,224.43325819091007,124.9053813075679,-73.80913698562638
,221.70607877012583,119.62168965261273,-68.35167816951385
,250.56289715979318,61.39325634528619,-64.79969701915124
,148.96760417243323,175.06316270686912,-109.76796697136156
,157.27990166387215,186.79635878021332,-104.52741599167852
,194.63532193266354,190.56106326254735,-128.13386243824948
,107.28203490006315,-76.46157275848486,188.29843445266093
,111.80694185263809,-49.35097731534055,182.51932442835758
,165.23441499635857,-23.569814241140048,271.43717690995777
,196.20707339763672,-14.226228653401252,318.88980740584674
,172.8389521323629,-182.62178576820673,190.92351785590907
,108.24075463211767,-141.80892323890296,182.73816051648933
,113.1329607064825,-148.56268585332532,177.70471566549418
,164.1852100001186,-53.761334613739955,172.16104023836772
,176.23125247651524,-46.629580293319734,199.91972143419093
,223.24725448839362,-77.47365433393797,194.0843364791833
,188.3023697348351,-72.83188061535185,151.05784231929397
,220.6639689071809,-78.42820403216916,163.6273121562022
,156.82560426525484,13.61607972496659,150.67151626266306
,183.33617510058122,1.2783252659085693,156.82777266836536
,87.21885998311345,157.10948306585865,181.5897041836269
Phthiraptera,122.56026591062177,299.1595092487898,233.36984285142952
,120.64775177346135,261.32395127585795,162.38316553159808
,68.7205916318249,243.14876539183808,133.74619180690317
,77.52317617436236,240.99811736287722,137.4965524430021
,23.237731410207584,363.5533160730187,-122.24051564836768
,89.09793904245795,249.23500351964327,-174.92746424449976
,78.89680663722153,271.91504691045566,-152.5674153132393
,155.74986276089047,247.6103280566422,-4.146479307299921
,155.36009887561465,290.6600353194448,4.0080470896433535
,167.75558736733615,247.12448106553654,-1.3147742717752435
,287.74521156288347,-73.20561791790907,-241.37737766688204
,298.7247383560719,-78.09081180393252,-244.52908646934986
,300.3629895376811,-67.4110200458163,-273.4583430820954
,277.07170399483067,-111.01306071192926,-258.16956887055073
,89.75468598386442,-281.0601802050244,-123.89793643168565
,76.32773157024295,-294.90249695249116,-114.10266257759193
,97.62179089775897,-283.1344870701574,-63.603321080040566
,83.82404520074975,-375.1235008415153,-69.09090312478463
,79.75838086323846,-367.259475612042,-63.76680681828829
,327.64891149874785,-136.46468743490286,-97.65781120295287
,295.521464085928,-94.63296081939343,-100.57855346469371
,103.06903422003452,77.18093973861998,182.68623084065683
,143.88803068169304,74.04192259069644,235.24826492742847
,108.85479000585566,71.62333120259484,184.02725684198217
,104.75533017848824,90.99920007876344,183.03414182112903
,235.3265868784463,-144.06485960689625,24.235732326256016
,118.2633519726763,-125.56997694638237,46.839484897602915
,116.60108605099984,-210.33790932047756,9.860534519121282
Neuroptera,184.82907376919357,48.549590787785995,148.04286611003621
,175.2887983841245,34.92649995998413,150.60237910286494
,231.95066714954575,-119.28454326392112,-14.249325958459663
,249.40934208309298,45.40623785599299,159.1625404537757
,149.7089395792897,355.6269693721508,-54.40252537625395
,279.84060944474226,205.1703769449472,23.63218607966474
,220.49444079052853,213.50411519789483,18.787289049892934
,124.02836447477883,196.62880214567394,56.369852731391966
,145.33989587580362,298.5845772116395,73.0293716435179
,142.30371426895715,253.2444080788384,28.21814499675217
,121.50383489404356,172.5830897771342,42.0605534141984
,278.30733767240343,115.06439678868063,-76.4729646913698
,242.40118369135973,140.24616081126837,-75.33567910205326
,225.0628191847932,113.53120716293878,-68.43011708891832
,144.74450807388692,184.54663945192252,-105.93621599336555
,165.48151362691635,185.7913657029943,-106.01295411510301
,211.90802045490327,159.98787388589105,-142.13346100210677
,196.70175875917155,230.68546511195757,-130.973473870089
,115.92689026440925,-74.20675277133817,206.2039124480416
,113.40977553080181,-91.74665688204782,200.7492548296093
,125.89269267721936,-54.2247668696383,210.977077625118
,146.09265447013476,-65.67531809916194,228.97216169059985
,170.59332333356556,-24.389488010274164,276.75384663089744
,216.48106477249098,-14.571631895912978,350.01908119618423
,180.49887011683066,-184.8908444742746,201.42185792721395
,175.2002626605989,-187.1075594364143,191.31266150809324
,116.68087770450342,-147.01683966612939,194.97796784508225
,114.36155098382955,-158.8746822903453,180.46832674919904
,183.23115986426197,-59.41335071462936,196.81842129770814
,184.35291050309908,-63.787492242131556,185.87321143998878
,182.50239428827808,-48.78467505524547,206.6357361130122
,198.82471902700422,-74.03700648263731,157.65356480831903
,222.52162353124615,-75.04160513674853,162.69711799710151
,156.80308259354885,38.60142080930251,154.57225650884428
,202.1741309554268,8.665309879972527,163.6512302636644
,90.0256780281299,163.7382550979005,190.31898540759076
,122.85909093077561,312.40332468216394,236.0788128927156
,125.44949096642515,273.0192355402266,162.310255412131
,75.39981413678156,301.266365379972,215.8269328214532
,24.671716997733807,382.0761364393613,-126.76060021944647
,25.646059929815756,381.95964851393427,-130.83291948828503
,90.30167627961775,251.29769665933554,-178.96890969689034
,81.39646278432788,293.23746122311036,-165.0426239497824
,171.81184375247489,265.6679523272455,-12.650266381132703
,161.35416616264067,317.96993297288816,0.5679619057491166
,207.08055755878155,263.55548860309017,-22.485456367371622
,291.77177927849993,-68.4077200319746,-243.1121112026089
,308.65961479117937,-84.33044342319076,-261.3065589189847
,298.6339255370793,-79.42259290305975,-244.21086908347178
,279.37006278463457,-113.04037972143482,-259.94948594713316
,286.7990679704821,-112.17413218245977,-268.88770826650006
,97.14036317192436,-314.52030837922746,-136.62585850375177
,83.00850110236314,-307.9516269641649,-121.35190427349592
,109.62610671045147,-278.1485095491198,-69.82989535745818
,315.88379589677015,-92.91317601199864,-102.47479955539582
,111.77178509567915,108.88191675376717,207.70502590706832
,172.04986349018176,81.89871244325116,263.2289224158842
,115.14152330833053,64.72240932556785,189.77664534703524
,121.41338710538761,88.48720235244124,210.9523773428207
,116.42209449973502,83.79299722700588,198.82651396473722
,253.16736819391824,-65.26880881600418,92.90950904362488
,126.62297184035954,-127.13117097382742,79.8108623389063
,124.62007412197995,-133.27620163818278,25.355681772406726
,129.05589421813423,-230.4732589942084,-0.471154903592615
,206.65728388285754,54.417790721376434,169.7000240616131
,184.85263142164453,37.110847296074084,161.43940969016575
,284.9733331943832,-97.84449868354042,23.456149908324438
,257.3182036222875,272.8305635913432,-0.8436562934046129
,117.05111717214018,201.2799705781123,56.75991119616957
,149.16077099854456,223.6934293491079,58.78116182626371
,110.69761393592438,187.60258518546948,43.93749452474157
,157.3309516200693,180.7552628128556,52.00538003196294
,329.3364633978952,161.21450583042414,-90.09444340436657
,250.50997079101865,105.88968062881308,-68.70481848120316
,217.2427890334088,125.37810732165521,-72.87790695066278
,140.30459537371328,193.21086064392142,-99.45847637752489
,153.27999297635998,187.17352726643512,-115.4711185488064
,177.06985879203492,206.95341769075242,-108.19989680538409
,183.0656768776207,193.11896737718445,-121.00514351959822
,213.3370509315157,156.11093675476118,-144.29042859966742
,220.02004542002535,237.5950584901891,-147.86650805603696
,131.60524486872922,-85.55615002695068,233.6676457638717
,140.72050085686948,-84.816322271932,252.4935529020059
,122.37259418542162,-96.22986032952535,214.9526827462562
,146.7762903988573,-128.32067630637695,263.42810043081363
,150.3829654471296,-65.50280770024894,249.17764032716528
,170.6705831248143,-22.337725511118744,279.4332497718026
,198.07304190084116,-194.85133500861207,217.44559450273735
,185.99570140718137,-193.94118940313106,197.07299679472052
,128.2710499814713,-155.83894036794445,209.757596044598
,112.56275473881423,-168.2767361796602,183.86883703677728
,211.1335640793718,-73.99547152412327,230.80269036015778
,203.78858723038857,-77.92543341249964,205.86104913772496
,216.73399504451288,-68.8690752275727,214.92216742984522
,157.04203433246548,34.80168448459888,159.93743671191956
,266.3758667021914,-10.707382765145024,210.97824970805397
,203.79050547425666,28.75772052816611,166.28056964303136
,88.17619927141202,174.40601217371415,186.62420004633114
,123.30730578377468,317.2947166396167,238.60912927706866
,123.19390227528113,277.6161200453789,156.12254514897697
,142.59853435653997,300.5063776152844,185.37005796678937
,81.00857964896426,257.46590744123637,-176.88522354504067
,188.31365192731374,297.0271407418264,-19.875164641679007
,202.17248128490934,303.18200613396914,-12.317203436450715
,158.885172599231,320.03270321378176,2.4986391065999207
,292.11576181649946,-68.97078423601758,-247.16449956826972
,310.27636750305106,-85.85680933510717,-263.17064994215957
,300.65274651886295,-80.50713833879836,-246.24331145758552
,292.61214705753446,-114.6488272847844,-274.3353137389335
,94.55981705988954,-319.45307569261314,-135.01674566250637
,89.91954018589124,-310.88900008486814,-127.68607933141627
,126.16420837664693,-271.4440047979924,-74.01918131735266
,323.26676691071924,-86.72435331901502,-100.69639536087381
,113.8381432289682,116.6782963545699,214.93624830167332
,126.39606609213816,129.8058730771208,237.40425290485243
,113.26927800133258,78.42806557355945,189.24502419140717
,156.38162907190357,64.39734141173713,256.134939188111
,138.47734947113696,133.02813274076547,247.49417207912248
,145.6433793625701,68.74277446789677,251.0787928841193
,298.1146057175734,-56.28895725524222,129.37794845542945
,120.46747992876556,-146.68037114329644,59.49514273356491
,129.38975451511837,-104.72108431162971,112.57487457321395
,134.89336412826378,-168.85902517076,24.622011856490964
,141.26591896719225,-129.65889821035353,21.545484050276865
,128.57346432823306,-230.72923478986678,-2.5403572024399526
,134.2720826286829,-237.6769613691697,-3.017860489690409
,206.28092651954967,42.04623278007311,178.72245946837273
,336.4264119205363,197.96224791266772,45.06562010228572
,111.60805241152167,211.8865858388012,48.95675103063661
,121.91437126667047,196.963227196728,65.872372296435
,152.42104679194276,225.40859940328076,66.92414911218285
,163.67800145257954,204.84943710196217,48.703897297738145
,286.98043839547444,105.53581046687464,-75.03525677342193
,222.33969931714412,116.99260555318159,-73.97963524080194
,243.017197734833,160.9563031084312,-85.79181092631164
,140.88999658364233,192.96247690132063,-99.11254233372011
,138.81414467322134,198.32936138219375,-97.89728193766761
,175.4284807408011,206.46922772979357,-133.58209753988518
,199.72082677298636,209.0245594299376,-139.87529525543556
,216.25187224473976,224.29898601232466,-136.36201475971131
,227.79829327925077,166.62223615212454,-150.06553523277407
,145.86580945449415,-97.86405998275231,263.2481534514534
,131.30371554812444,-103.9132937852903,235.48430385919917
,143.2093376911055,-110.62886971164781,245.67722006425564
,172.1965646844723,-25.200962484260614,280.7092396320601
,200.7398509997104,-192.06052038112617,218.26747755115775
,207.90172772087317,-210.06121155945362,216.00502221974565
,240.4239291337033,-256.261172129499,256.78466396229703
,114.30132096407314,-176.0388582171414,183.94856532845802
,129.31253916143743,-193.34311733771102,217.58319554549286
,228.09252169917193,-89.2442138917032,226.85657545888574
,160.85093656991054,17.951247205214948,169.21928438969326
,210.048356086164,13.890085075903299,168.23303587832166
,80.74507569510322,194.4304918096632,173.7171369972619
,122.91663109445093,318.5000449772507,238.84125628608115
,141.14009954500082,312.01286186370953,170.23667646451824
,142.81130222909962,302.50220807363763,185.47870260183316
,144.99509199667972,300.17488582463943,189.03486487681963
,82.47366104096588,258.2896873579538,-179.31312738012025
,207.24050334514072,321.0802382588405,-24.558570468555335
,160.02161681573233,319.4752067892556,0.5888923792097224
,164.98304042204884,338.28435895072295,5.456941887536872
,294.3362918875562,-64.62766413666566,-247.5078748522398
,303.8496111038662,-80.36273936059035,-248.55826691004793
,97.92697608815364,-323.3592530610447,-137.91346120896225
,95.18328631334239,-335.0363925316264,-138.78191752152117
,122.10819849592902,-274.72086061026414,-73.28559802576945
,324.02822461119507,-86.12421467359752,-108.57084728046023
,111.95883910297445,122.18179343740451,214.4140592083685
,118.98120469109635,116.89904571021032,223.29658219090044
,129.27219971668956,123.71691110770051,239.1006771060478
,116.37221314508801,79.09375035196994,189.97557091664848
,155.09864861637553,118.31828793662324,267.8060044165
,162.83276532855814,63.081464523736244,270.9746180646094
,167.46894932245942,63.626481087765185,270.53519077184654
,175.78277839090634,72.29716270897057,304.90575131273965
,146.2249776511577,-113.40760524830581,74.07183867491923
,137.37318825394757,-102.2303679109959,126.64143162697106
,127.08204599051365,-102.40259441665464,117.23983410796859
,143.179361782096,-186.98965143652805,21.501427743252204
,158.45078804010706,-202.70106876945277,32.58267673484714
,203.07250158111762,-169.52772131544828,35.60703425414078
,153.64792997438965,-145.74441769399326,16.874932460331667
,123.67304978542785,-239.81783613170228,-2.1077870597063395
,138.41944571082584,-231.00763252565008,-3.9204728651078624
,134.28754257076665,-237.6587186687875,-3.6914728870103986
,232.73068380257456,48.871892065530055,196.8304934250923
,108.43354989008495,208.3081044667418,67.81552156180628
,123.76762494436366,197.24810581005474,61.41299529443568
,149.06441338146132,238.21820988108396,90.46210082641379
,169.10017018864104,247.59395003866518,75.60325172182468
,188.5695191535946,280.1001308512167,84.67005968938115
,144.37488557797224,236.12134871633103,36.63723178637054
,308.9628749954116,118.3701301259874,-80.59128890021917
,290.328159741839,96.18298569408903,-74.72791978571323
,224.74255576723937,112.26438742846929,-78.68051084184857
,157.464065895233,218.48875159258415,-106.49688733425347
,152.20419402244065,213.82158945531734,-110.25142330179222
,200.12240538679347,237.5142470698029,-152.6821850992607
,227.0433428554646,240.04264361901284,-158.9050860680727
,230.2730969131343,232.2485965011951,-143.46656609868847
,244.17605693680375,258.7007983717604,-152.9306822742204
,231.19565202305475,166.4927089044718,-148.72427962650306
,164.16754164772698,-128.58105130136494,292.4875057353734
,173.53912634107266,-24.859897910935455,281.8305169888397
,173.05479806153508,-26.938052382690813,282.7132739402181
,200.6442780233953,-190.01060303037775,220.14147146210937
,117.6583746761427,-186.12086342092923,186.03926929851426
,125.62761300008589,-190.68308707207308,204.61344608613024
,141.03195442377898,-206.22763552350455,237.3807672556142
,162.85979715180937,29.114190238234542,174.1539176419899
,214.06377313519246,16.97098759326409,165.49764509778547
,91.39503450805931,178.0098188876192,192.70536834592352
Phthiraptera,87.18209802863714,299.672105902609,206.35747473053038
,148.8100044954277,322.2246793308736,174.53284654776775
,145.0651739944249,301.94069172148846,184.64267391199994
,146.98177379960924,317.5599761379797,194.76874612770692
,149.2908092534744,311.9807016377202,197.0947144638967
,83.81030647438837,267.17129593054415,-189.97824437369547
,299.8112540054157,-68.61754449651241,-249.84169480917234
,296.9971850318527,-60.51342845053536,-251.44003451849045
,98.65804642187776,-329.6784298984323,-140.1805093426584
,122.26538858623573,-277.5511363374714,-68.28281493901049
,329.1662233327572,-84.98007943160279,-108.58142607486027
,117.80288152884408,122.69566986226623,223.35539268171468
,121.58162766557302,109.7904290242944,225.49334155289665
,141.68618840403195,107.01526744440504,256.06440693791967
,129.55812614289752,87.523817928659,206.84124539995423
,115.40197505950995,78.32435055410475,190.88402537869433
,177.71622080833214,64.38590392490381,297.9388605613521
,165.9249718899746,66.88782602754152,275.9967587328889
,176.47575014574625,72.03793394820991,283.9751497991843
,153.68515268282079,-98.22753125294867,81.31457638836123
,152.3208012370954,-118.51169536856925,75.50690379481337
,175.82938627434197,-131.7535035420286,140.9232718133161
,127.77783648472918,-120.88967530780776,106.0436293699283
,197.14514212079436,-244.29495094876688,35.14489407632771
,196.68129756867242,-193.06808100764104,46.67740369377026
,174.1233455218554,-298.50138895769965,30.902127536297055
,248.27914019363453,-140.24763717272856,76.02960719225848
,177.86469545781492,-191.82211349048148,12.948701248715308
,161.53370127659392,-136.4577573830844,20.494604699292765
,127.06078858507587,-250.00916925738846,1.2662066218167256
,131.4359010058655,-259.3023738166258,-5.644990901601014
,138.69831162427533,-233.7317857253872,-0.6968495674022359
,151.61698801026145,-258.94262584397836,-11.910425321312891
,109.56717114034974,233.1197107340107,58.10750895186331
,117.89112280234563,206.57729756894796,92.84688750211811
,172.868604854186,283.1535729060807,79.36891291346852
,139.16346161800462,214.702892267731,71.69595165698586
,150.5480062280204,244.43463025364517,76.05674645051089
,175.1880884918274,259.0284568780948,73.4303663508677
,175.3395209603241,253.23430043772063,83.82249576165266
,324.3000169270078,121.00839760056515,-84.43278652941723
,238.34213610327788,79.3796098678043,-78.70854806675163
,161.2994878675776,235.33679633153545,-115.49132172313469
,180.93389945030788,243.23577114851747,-133.96215029142348
,237.85627567642885,256.75276396642204,-167.49402383055778
,175.67607426328436,-22.41999242867224,283.4075766593789
,227.0099770742656,-217.45271293121507,253.9485830215164
,123.30787905210983,-193.84084506460144,196.17682340765006
,127.0122242982319,-204.38019215919937,198.2147891222279
,168.3127946084602,13.517886596611348,185.2190688571754
,214.18410862207327,23.78573659268085,166.69934133265772
,217.04781088279353,11.484421119414987,164.47637304491326
,90.65434628708176,187.21146500082935,190.3238460415581
,82.68630763513487,316.0115768478114,207.00715467594964
,149.27544043066763,321.66918104641843,175.1589471909352
,158.1667403670854,322.40365769797995,198.27967372729768
,87.55781472366668,268.8130450177001,-194.9700383235013
,299.9692723389685,-68.47009956492482,-249.69242884827207
,300.303078894745,-62.579694135294176,-255.81656981863867
,104.02898807447795,-347.4965378895124,-149.36849987027006
,114.0061096562868,-284.6782086360033,-58.19802630970649
,331.75333412127355,-78.96593290585926,-113.8575442012882
,337.39592094972585,-92.93055094013141,-106.13836895376731
,114.86783537882987,135.10549218102867,224.08832884348084
,126.91669850298013,120.23318746634321,237.1364966370145
,139.0254960501208,95.28868495088877,219.0371654791401
,163.50830102889248,108.59803002906854,262.21651164737636
,128.12245473205758,73.46670035500814,211.34409765871249
,136.19540830497917,108.27589596366401,229.11583070908458
,178.2811644855426,65.83479650559181,299.7547096956028
,185.06283877411724,63.93233952343279,310.3616699802332
,165.4714979290219,73.80516202537171,278.5215809772994
,186.13761555234842,73.43675341531868,298.73380686585085
,158.8991569961543,-96.87063212396257,79.35835936269034
,152.88256737026035,-94.4834409903639,87.06109554392143
,180.00708421146734,-143.0788683089438,82.84936420359608
,178.23117406978685,-130.9803087044689,156.26716649470467
,120.1499096973911,-150.6032460975064,98.36606799964505
,148.6238526698939,-112.9332282368097,122.50808385362338
,257.96627149363957,-191.06787666464874,49.89463595819988
,233.204801868166,-162.01958200485154,59.93111390003944
,198.61727093207847,-246.51295249088986,45.98832795249789
,308.32958495539737,-162.15661712234552,98.77617054783181
,199.07397995276787,-212.1327305941889,23.858818393942784
,183.8670102343299,-167.82776657546708,21.229024653813443
,146.97802329697257,-296.68218960300413,6.624646720515484
,126.74402577522393,-265.39049818725573,-1.5485990165124512
,177.24074379126236,-305.0164864301306,-16.71758218304734
,184.7340198155513,-308.76171603267403,-15.283065264231553
,107.01659356771879,239.33618757229164,72.2972315405985
,160.47024804041374,239.85803489402355,88.19943019238309
,150.92073969709327,237.3204352137686,73.59870135311678
,183.97619512210971,265.4896576356445,77.68103012569841
,181.71941256273433,264.1548092082341,85.15508047243074
,323.87786474117405,122.34915784370801,-84.12039595406888
,240.75106514654075,98.93283106348713,-89.96329397007433
,181.61584149852115,266.3782805357632,-129.56932010319528
,170.26915415833903,250.9175771094483,-121.78774072330856
,241.69569486128705,263.1476236119865,-169.7752621797558
,228.94963931166694,-218.4272725118586,256.3408181860866
,132.42371527874053,-201.65792536179788,206.95689821684002
,171.8760027642523,16.66277221932822,188.67398536355546
,213.5954893649207,36.882161209025874,165.0634337451572
,210.87359476727895,15.619720282109917,171.9955603953326
,240.50246580175096,5.120603554619516,167.84238423750557
,81.77722857260319,212.57527210188402,174.65547596653423
,80.81219825913915,322.2261590618808,208.1030560210925
,154.48308667468982,328.58954609780454,180.30081547170442
,162.71205251171645,330.60540588439085,202.756034417352
,94.31705669486644,276.98334484624615,-201.954351250921
,303.83057448604035,-66.16454505967866,-251.68873880028647
,301.86865183922794,-66.79190282720077,-258.07231269568143
,135.30803865874745,-276.1016061671864,-62.4233404397403
,333.3130573449518,-74.70992372199672,-114.38037120421784
,338.6986165310756,-93.67533394281928,-102.98915755701775
,116.9727147910569,146.52309541950353,232.01460993596302
,115.37016292884627,133.862660664217,224.57561384003412
,129.19820569854198,119.40779681286433,240.1055072835253
,156.91192168309775,88.90312539922034,245.767335523222
,143.9601439002857,115.54133604622801,240.73978044251385
,178.87331960854442,66.67841104148579,300.846139808198
,181.4708068481059,66.88711528797207,305.37925362190515
,191.36261770887532,64.77981946094543,320.2201120701723
,168.14601674584424,76.51489610951754,281.73254976157017
,182.29365983843968,82.85244044905409,309.8299245223953
,196.1837807057187,74.1794316077444,314.7582339465961
,193.49992563391396,-110.7245008357988,99.71339852615313
,165.84348974966412,-114.34179269202868,91.9222963982829
,193.81447877862942,-105.23913948067633,116.73119425007404
,195.0667316188036,-151.62048076247464,90.61393729154574
,124.44422290162825,-171.21993570653706,95.74605805898887
,119.2878419351641,-152.9374934593968,103.74316899942792
,163.6115917056279,-111.61982569625273,142.12131548996152
,246.53799983123423,-165.1829044030311,65.2573691870145
,253.66833547365502,-157.80458579978904,65.43865723282477
,196.2680963781353,-199.58863254860753,20.55190119168434
,200.43021221429564,-169.23619511993957,24.263606580123714
,122.33764166403456,-267.4392721311854,2.8809565648263087
,143.06638637673245,-294.18852991629115,-4.798290360673839
,101.5720037456476,243.6952801133516,65.24561421644849
,124.57031713737346,265.6481317665608,95.52699203788706
,158.77939133662966,244.21994117839225,78.78732203360904
,187.5025687382326,271.0698240811046,81.86458302399947
,185.77655730137818,262.7983683715872,80.46852924422865
,221.58303362382682,133.67209870354813,-94.20670852772277
,266.67935521004773,72.18356697314897,-94.04212232016327
,186.45171102437126,274.03266638504357,-132.95695374047867
,173.15253826616606,261.8904548029053,-122.2758827574404
,198.32721677117348,285.9650329728132,-143.59421387879055
,230.18167506377966,-218.70603710813515,258.16531547116784
,139.59606599469373,-207.96337053723423,214.38371326045967
,172.71860352807806,23.472716980038488,194.50212129654324
,212.52677205063583,38.42578075412726,173.4715588819958
,222.3828064365833,42.13631610289563,162.24892760996724
,211.1631945013759,19.921824174378504,171.19388901771487
,245.94435851863238,10.689719657721968,165.01185586363238
,49.6771416508552,254.95972195125762,133.03579721892606
,80.06775210101173,325.108975901237,210.1146847968908
,157.575799559304,332.0418167873451,182.2419892976647
,98.80282142248042,279.1731326752352,-207.28232995514554
,304.7487225832441,-64.87973752029725,-252.80242708991665
,302.78788455905027,-64.97615580310548,-259.96630533720196
,129.44083770213146,-278.1451160237882,-67.57297343554434
,334.5301195032995,-75.50057931497544,-112.57240833005595
,333.8183920162418,-72.4620100708732,-116.78194184039324
,123.88051768787864,135.66573156277784,238.0208864300136
,140.05701955613117,122.24506495634546,258.65711819283155
,153.76439974767428,126.44137169456855,256.1501316640175
,179.27516263439406,65.57283694489766,300.84995250406973
,170.31245654383846,76.14902065132661,283.30406395668786
,170.68939833933186,79.6577393873664,287.5757661309691
,201.2501575410896,76.723946005306,322.7234253776803
,192.4723786102282,-109.36230396691484,103.14634309790907
,187.14485289774254,-102.14442875416553,124.2771240376727
,204.85171666703204,-182.45462912633116,90.68087770572444
,115.98747539917,-195.2353363879325,97.13074181780907
,153.0523280045642,-180.62113790180913,107.58291968378182
,128.57560259196734,-158.98714654051378,130.4359291948552
,120.26026203534545,-161.38750619651645,90.39176015047114
,163.46786627989732,-103.94816016591005,149.68979293840982
,201.7888127998718,-141.20339863151847,169.80037636129927
,199.97672604686932,-200.44256441820662,22.67849423346528
,190.58383473449305,-205.31715658928036,17.373419038900234
,256.91244910194723,-216.48325467652103,35.72059814925803
,126.4438439634855,-274.52262052815144,3.9016561527624285
,148.13478794187282,-294.52507199030174,-8.178699255645245
,114.05156175548166,259.3671933527936,58.01551541914063
,99.51115126097085,260.1830001960754,77.652706454248
,123.84875618302011,264.0142147801548,100.84681460766863
,143.1935300396399,299.83248875187303,108.21267194614991
,184.07340023451303,273.190473977232,82.5943158981905
,260.6068628562623,159.4619301151891,-105.81130946478388
,278.295355869252,189.44498056682207,-131.11779739429437
,273.70169283661875,79.94240778255161,-99.6515064345836
,186.98977657593312,284.71308349784033,-131.9054059212298
,175.23599729695925,266.0488233338441,-123.24147348632131
,177.0124927854041,31.374369025108916,194.25112417593283
,178.90967214555272,19.77753906995449,209.20863186617538
,228.78491635411652,32.53934238609434,189.97035444001617
,279.9143786418697,62.48226959505924,229.8857179211777
,220.14597866474284,45.84765015929234,164.9730809993562
,231.44174063869556,41.08700272046314,160.59651275109627
,244.45134444367156,5.137605269611761,167.47822360186876
,258.7871144670179,19.372357989077045,167.43411924355226
,39.37776309533631,272.49143193985975,110.58903910107367
Psocoptera,47.55349078769508,274.6829708864746,149.5405878295445
,79.93442367053915,330.83101743559683,212.86572901732737
,161.71376683600582,338.99332463435013,186.9480621961432
,107.43426936206295,291.7053467184377,-217.31629141736386
,311.83672023870963,-64.08673492086065,-258.28926419642846
,304.3417151284543,-66.01477842976439,-261.0209913362935
,132.17625363455016,-281.64970676174823,-66.39846972950808
,126.27920586145896,-279.53782493962217,-71.7985668332873
,337.5146545853553,-67.00387730288692,-112.79943203278087
,136.4014801492032,145.05233362872713,259.9106247217626
,135.8845357944976,149.76382525663414,262.0621876159439
,142.13627031587293,119.46769930583496,260.8564198889953
,154.1521449708652,130.41179318977504,258.19087680735106
,193.38445668792733,67.01254843593298,321.73057960069707
,169.53183334627334,80.3019927335435,282.6247446700332
,179.02809204012428,87.039589121469,302.787346394464
,219.23365386403796,-133.00481127039612,119.2594467271754
,191.38491468147936,-94.11345302853564,131.62228430531087
,129.3494277682218,-203.79338397500402,81.89609224073058
,164.22581280596538,-202.47213716912935,110.01586449632352
,127.82928675157315,-152.75445064569706,141.67682831348876
,128.60086456843146,-162.21666520955006,126.37128286304726
,107.20914354116866,-184.16947942798006,71.20375180326056
,181.2547570281534,-112.7841720989957,170.50644599115105
,177.22564140427437,-111.9169133147854,161.3366947700071
,232.83843616423002,-169.00410091078552,198.3992207610527
,198.26715181184534,-202.10642447902353,22.92065418770293
,203.76134307766955,-199.6655951637563,23.366795808738242
,148.1127912468385,-298.93065485552347,-7.016960600282986
,119.18612085934453,275.08898625851145,38.13383366099691
,124.44221247970901,273.16694773560056,80.2692950679959
,94.36793519275248,268.2438106661092,69.8725543338292
,126.19163548745762,263.90557576224603,99.83724458447625
,148.40501425626988,306.6349254235571,108.46917207225972
,192.97856122830106,293.58878349373464,86.61234696354686
,300.9526175380163,191.49654486252322,-125.23055730529411
,286.9923415437626,199.49850359709114,-136.32307194920503
,275.86156361066304,69.58799883466556,-101.44819416259283
,194.58635484925583,292.6864915689287,-137.37065279117448
,178.58314425490775,33.62128420646608,199.68209612550766
,189.91746072063853,34.734724751755316,202.53424799898073
,195.326301427563,17.33360188577992,226.90966473486694
,245.95248303706904,32.45172133014829,200.01467355538594
,218.2242021426661,54.20318429243265,164.99269321265047
,254.03077430361208,45.94099782476966,169.50003953394054
,259.14940978008866,8.936607645045056,182.23794425459985
,261.8692007972751,20.71085221912498,170.04859272961488
,48.7018534421371,270.998764630163,122.45849797250928
,43.79334214669117,279.25280655637033,150.76003657241472
,112.41070081829106,298.77043455169684,-225.23399784904535
,313.149334858822,-63.22286657244857,-259.7730406894143
,311.3280958846873,-69.93062021501775,-267.77240317883286
,306.2477558458772,-64.35762156057015,-261.81196758626294
,125.34502395347991,-290.99560057392546,-64.13408205872202
,132.53582071814677,-277.2150127435459,-71.4710723355612
,338.0526425580867,-70.1595912665272,-112.57252468349984
,141.85597560718622,142.95434550569996,267.64762913803344
,138.0128582932348,153.08698288652286,265.08084726376006
,144.06398733365612,163.55222082063568,279.73091424398575
,143.6579207731287,122.23473279719681,264.38970973652107
,143.81586125910627,117.60498331415636,262.6238520652582
,179.20148607626322,82.89425295095468,297.7623753356124
,217.75802910751432,-133.0288398531366,121.90676342132109
,197.4963896945369,-94.04412268736093,142.31653628210537
,141.7081929553069,-208.89943428897635,80.22131783559308
,136.94239481595815,-224.94881288996103,86.00728813073708
,168.52752499166564,-200.1478434903036,107.73991103046538
,169.30186956252197,-220.63153677891768,116.65082739780294
,145.57325889901526,-158.17084174434822,160.40633047623467
,122.84261660637698,-159.47837956999697,142.38847833799883
,126.97229231259986,-183.13038498643166,123.76562316743941
,143.4754434844069,-160.15951456013946,141.2718077430059
,103.23641420601746,-187.45474089239707,78.91867318037141
,180.19780468834722,-113.81874997440848,172.73420169805098
,178.73439975366745,-116.34538089891325,172.80802824234917
,202.6709845275519,-202.85292817808474,18.862333249416412
,211.76078252860296,-204.91253905039926,19.462467436447017
,150.32291715280525,-303.0203308731775,-7.334927435798038
,104.30624413913398,281.2435564490597,96.86217106778483
,90.32197877025752,281.39159943152976,46.838860520664404
,135.16111836485973,278.07790322708263,98.04761275682415
,155.26953687503638,321.6441358879027,111.16731618637598
,280.5417347155607,66.97376619156903,-107.26117254975075
,186.7446194393047,38.73438538997445,218.12698993543606
,209.4301479877195,49.10463849141396,221.23346899778429
,213.11741362806984,17.307598171831323,244.05066964610495
,244.90133662378645,32.73699803138376,201.25414789919967
,238.4068704678328,57.93801079798013,174.4644674307337
,271.07889919453294,51.7135394673258,181.84968602186575
,288.173229916492,15.842252886419477,204.9890698157827
,264.989351215485,15.695308593993989,172.95941901960873
,49.57002919879259,272.354294817103,120.78688929056774
Psocoptera,53.42949723962787,278.8487236294425,133.71883789644724
,45.069203817766706,279.09236898225265,154.89971061026188
,117.96966974272175,315.69993871385293,-238.7885291562881
,314.1134281502188,-63.3305810021478,-261.08868503945564
,312.293630775128,-70.51671848065004,-268.40985833724193
,307.3148197172319,-65.234559467662,-262.03725305367345
,113.19488077322087,-298.2622860966265,-58.729206213372166
,139.11393559564226,-274.93291223878987,-67.68476885992496
,338.4556502787718,-76.02957218382456,-110.39974144321314
,145.85003885036187,160.00694669785244,279.0423306694138
,142.9052871028996,124.63115680271052,263.6778344675155
,180.87977658699074,84.25677290153067,299.7131069640769
,196.91506347361388,-94.74735732730068,142.65522601861812
,161.18555103638835,-223.27860411048587,81.83209404113325
,151.1639197326716,-231.21502484514082,91.17694675876913
,133.28937963834363,-223.41113563055387,95.25674402386348
,180.58539303342332,-209.8400321296162,120.6493995773282
,191.36656637879443,-228.85677564885006,114.59710005270867
,152.69012303218938,-167.9812241065897,168.97741576334084
,121.83766961138826,-177.8278927397502,143.96891464926094
,122.53647554203143,-193.83539658822173,127.48317127242922
,135.11029491738546,-188.00988007658535,123.53116777352187
,151.08392659187672,-170.4099763577534,142.36113552985563
,101.48870831287374,-194.45697080827622,75.76515453011395
,181.88947892526116,-114.73790790392825,174.1029442608216
,185.13120246988436,-117.78707595048228,179.0657579944686
,199.62322760979896,-122.33234291274493,185.80050701537
,227.33623656794092,-220.6833713471591,16.00157375321247
,153.70159401581145,-309.91596327534086,-7.430303523990923
,114.01482094549803,299.3026743513972,108.02864869670647
,99.43478830328303,278.1255372232762,50.26553978977442
,78.39789726138277,286.88481912513254,33.5377662839038
,274.74996338791715,87.45792865560863,-110.27207851852971
,327.5756551904265,51.321736767363234,-121.8593599678527
,191.27037025765722,42.63032500234836,221.21839023437678
,267.95753472602894,66.4938762882577,199.2305211136468
,264.4475472444669,15.00187139410964,173.84791689325755
,272.94826482349566,14.684554579639407,177.25827986022375
,69.40351416825794,256.7539676906434,147.12411204270168
,56.12312626247724,280.0662292183066,130.01981158035088
,55.57594805239814,296.23401607467054,150.01121119621
,43.9399848415101,280.1322704487036,153.33914271776266
,120.4535906442064,325.1982793579861,-245.5452357503032
,312.38074844070985,-70.6570589037344,-268.72294007044826
,307.2874532545957,-66.09345416915677,-262.1803932293119
,121.56912443174281,-300.3317464843218,-58.92426748790757
,132.93193068836726,-281.7172736506142,-70.16153060746659
,340.03926904997087,-72.99685820235564,-110.65350478971179
,155.48030931068638,166.02257441027908,295.71394439301736
,146.05188720512604,130.46331178455642,270.0864028681023
,211.28651103852795,-102.84972304011363,158.3784656659974
,165.31241896399214,-231.2603672845302,82.94823073583797
,196.71338175294028,-219.51817997536304,125.96896225179529
,157.4921261157206,-163.81091256881345,168.66400771033784
,126.00127969736857,-180.04974013402745,151.16618766039
,127.39546569818926,-199.41093989294737,149.8181825558597
,171.55781723280285,-275.6453305985328,176.20221943390322
,121.25907971506582,-196.12272256048124,131.31507373138172
,150.45492134964238,-195.62526407106074,131.81570792406183
,149.92100744302257,-183.15065708249642,149.36668296474468
,162.8071140630591,-170.37265676039962,142.97633894621728
,95.59933816152532,-208.68510081802543,84.66918771864583
,115.96701743229761,-200.89921889526258,72.64456355274582
,204.92080396399058,-130.05133334148718,190.99375323336952
,225.07974423359323,-223.88260886278889,15.110309793453355
,155.68414994204417,-315.51752062454204,-5.537779172633989
,124.88467387812621,324.2211382185818,118.59518904840202
,100.81588726733767,279.9332595175759,67.35787321913385
,85.09941087683141,325.98501331129864,40.063620231785414
,284.1521182499105,75.47028824809625,-115.86551811831812
,350.64334708014724,54.24514248876829,-128.94040036533548
,195.21209775484877,50.198649534086734,225.6982179195612
,192.01830163589628,37.48794092800342,221.50147053245638
,273.3590095727192,66.25259263849067,202.44546002063032
Psocoptera,58.68305133500596,272.25806128945,127.94765914784524
,85.44243290364992,234.5826677125219,177.26731046466938
,120.94084402152751,-304.162404241872,-53.22339373093531
,342.59886472949563,-70.18598163557533,-108.92637317237644
,160.29989878279352,172.18514002268236,305.4008975481823
,158.6345212017518,140.6583787069616,292.4854632972791
,174.67109759953104,-239.50347375375893,89.36868369690647
,205.7369749861116,-230.19322678917297,133.63394299204302
,164.7483496386241,-173.43581370606137,184.50342978290797
,125.6687735202178,-190.55891365450626,149.76498671305882
,152.21350212429812,-182.70430174284274,153.25454190661543
,100.41857912179596,-218.9277510908616,87.77365420745423
,92.26013466733781,-213.13839658423694,88.91262388695785
,118.39754897208543,-227.04841098047413,75.89627563802294
,208.45984305037854,-139.37837543061724,194.77671833038974
,265.7815178958418,-263.687075840075,14.125819548446888
,102.49985909899185,282.02276696180195,58.82179472644485
,95.58630138578184,368.87393460838825,42.681971449419585
,290.57452598767145,64.39665775484418,-124.52803645638964
,196.61724678145407,49.54867227531871,225.7640499838581
,57.370981239588225,274.32352397195103,127.56170591642844
,55.35766906996244,276.29278431140705,120.56774753258387
Psocoptera,61.097335741117156,263.6390099490264,143.22962224843724
,126.4074336605498,-305.4639746680855,-45.655326234709804
,117.63231907335191,-310.5632151898466,-59.62940375125491
,344.8730226387414,-65.23269283065817,-108.92080835245402
,351.3563538054636,-76.15190605641847,-111.43064510710086
,266.65588653314256,-295.140885432528,176.62977833586072
,161.87211447324069,-180.4755012129265,188.0718232602373
,131.70450551971595,-197.64436368470157,156.60645397349555
,162.27233055542965,-199.04426861021636,171.1691928181687
,155.9220668911381,-181.8812679445183,150.48016529290425
,105.99945352553455,-224.30594668188738,80.83060126351111
,116.27609530277338,-261.19172567620774,114.98723824154311
,106.79987656687653,-247.83193714465727,111.57360443973727
,119.57596090524,-235.95202474811808,75.3623239294702
,212.02988715751584,-139.88927466484682,198.56426752669034
,101.04484340829744,287.39337203947963,47.30134744592632
,117.51050160672264,311.927082816978,75.05570897094148
,288.2874591053979,68.3014623124593,-129.04170567053646
,299.9939464917694,56.74665601524916,-125.54100580800065
,195.6926389486618,51.2927130895737,226.17751339710918
,53.86338652602403,277.32971897419776,124.50146014352113
,60.32866719645771,272.2817207860221,130.53708495747046
,67.19237602248923,309.4279036721647,131.7347857006343
,70.38094064826757,290.06307981930394,157.12306862525577
,56.05088665080686,328.9261469412304,155.75546810626636
,117.55851533228848,-313.34557837114176,-41.9800678318026
,138.1681897723109,-300.1818140622586,-46.60383846426388
,120.72473717049331,-321.97618609101715,-62.05192263425845
,345.7834994867878,-68.39072966280659,-107.4803766225719
,162.05719648626098,-179.74667656532057,188.63615496381476
,139.00705403635072,-214.56684500154097,161.06811405890312
,183.45289731823158,-205.0509568001239,178.46866271732432
,123.82975034525488,-242.06033913244974,91.68761675133486
,102.86850989113282,-233.71518546590576,76.44775267746438
,114.7124042259138,-261.9334298090702,114.87060339425338
,109.94196170352419,-264.4780073907627,116.2962300053053
,109.05054047497521,-244.7435161453768,116.12124197648704
,119.27516600404805,-234.2505788064564,80.94040635396746
,234.51359268034665,-157.20988385154328,223.20245983810673
,97.09146198831769,290.145335511835,48.64862371505091
,120.09841227383791,312.09413955613286,70.10136842975574
,124.14061312586868,331.93328239726463,89.53885243954824
,280.0705252369638,96.2302361734381,-133.04227893404584
,298.6744493593097,42.12750469752285,-129.35461459449732
,301.0486987738207,46.943661400705025,-127.05537635530969
,201.606748287399,56.21789365030148,228.56528424739759
,249.10145195982233,62.15754634599926,294.3634430683019
,66.59594793689008,284.59189180658143,133.97370450478024
,126.50591824118237,-311.2513219207092,-35.597271006726125
,136.66569228504406,-301.8397873577784,-46.04293928408197
,150.90815803857086,-309.8793740989766,-49.72642503801308
,347.48382381217976,-64.98206176332897,-106.50807078535315
,165.26560809031474,-176.68358077283585,188.74637134690613
,150.15400138171904,-213.96701624658755,166.42919689033917
,134.06195682758397,-227.42739083957417,161.542244794131
,212.00820760699895,-237.54457571815522,204.1542125436291
,110.48053515676816,-243.41528084045635,73.45255747699625
,98.07472061463397,-236.94021367265813,80.44659339186819
,118.37886653841976,-265.6053633043128,115.22909342469632
,109.52039015684532,-254.6964767574102,124.07352670888642
,118.11103331004279,-252.75790487992785,119.23361222671105
,126.05419957498142,-242.01176564832056,93.92374162544587
,87.81543216676869,293.27267810535784,49.51357424110273
,112.3951159997471,309.03053520553993,51.87922668658225
,125.37469415167341,324.4448116052118,75.67401907086104
,279.25196572918753,103.75649703932879,-134.18352837069293
,286.30850967797323,103.05198008409138,-138.02397255451126
,300.05619874749976,44.74793510854247,-127.21558648438562
,303.72082030288806,29.003030625139456,-132.94544396422762
,313.1151470279182,71.04148666423964,-126.44612515915192
,74.96366195157565,301.27129601328954,143.69952493244668
,125.92352461040798,-315.4444302114371,-36.02603128259682
,142.23477641119686,-317.09151371003543,-59.15019685299527
,156.93308774915633,-314.17751983173935,-55.05134307830297
,156.0901336458959,-321.6141913800666,-47.591011112069694
,348.4115657370809,-63.6333039783453,-104.26806217629701
,170.9050461240283,-178.69341665164973,192.1417375369708
,149.35040899885863,-217.35101139351977,167.1982847418573
,133.087040746969,-228.04587833767005,161.4764384796728
,110.00005891911074,-250.93001357463228,72.21403078102887
,116.62790913168926,-245.44632450191204,75.06757319373025
,98.25515110305547,-237.4807110667796,78.61174988621251
,121.14994303094036,-264.1308950817612,115.73707529275983
,110.36637871577867,-261.79026581036555,126.78405503464685
,110.25554623028394,-255.06772212521886,126.29183795298397
,129.92714738936164,-265.54462810116763,123.09490257808444
,119.29526996945019,-262.5896106518705,125.75809836433389
,87.73073302709145,293.2170229999113,49.99103709119353
,93.73980180811999,328.0184528262162,55.00328685578811
,125.9862974161233,354.17843389899497,58.726516723063256
,130.32857464122358,334.5745079845318,81.61449721680314
,135.33224831283138,352.4528233628597,79.67370461887026
,281.27626508913835,97.02162716933759,-136.68023642137322
,277.7469110337924,113.92549014879297,-132.69192407291231
,317.0604041494635,105.76722428354958,-137.31539192069727
,306.31457276896265,47.22600506544451,-125.84170110235875
,321.115716353516,31.580252509101463,-139.3551317106379
,83.03131348469023,331.10517012687575,161.71701517988728
,123.3754016901305,-318.44659364564683,-41.29494854597604
,161.1099860462925,-348.8293934356339,-67.77017293166688
,156.58133749925506,-321.1321560105745,-49.205135710221356
,158.04547690550226,-327.6107121442471,-45.135426304369794
,348.7055807525454,-64.93794065760493,-103.36618165238454
,173.34721306191742,-180.79388606698438,198.2554378990924
,145.8547382837777,-217.3831140845237,171.5743599831199
,114.98553493433934,-253.03699749148797,71.91894738369717
,107.03723575358893,-257.04096598382324,73.48542403532812
,112.25479696006477,-256.19262814756337,74.05097125534887
,97.7116114333433,-241.82020539604667,82.4317131594552
,127.07405082591966,-300.1241549468086,95.38037165955883
,106.13909753431551,351.7267631663715,44.594380494279896
,91.86479053837013,309.78204652191124,66.72730654721641
,92.78588444255433,347.6117507331815,49.119332541981606
,111.31380732055361,371.88050348666894,72.17161130050096
,131.64716801822647,346.97253505940506,86.46949653351109
,276.61405160723695,99.94083375414552,-143.90106556672455
,288.1035637417179,91.70522465647178,-131.11260315694477
,278.9950236605735,110.50726491253455,-132.96402439312146
,337.93514572854366,114.16615639686486,-142.45004156390078
,314.5290204839585,53.25941724244175,-128.7287914510953
,342.2311576590457,48.28828129851191,-139.3654274612252
,324.28451946252113,30.43234520551484,-138.5327183733974
,121.38731177371129,-320.60084509913804,-35.734947554672296
,166.92892528345226,-363.7065906829979,-70.66343594987941
,159.76288976421552,-335.2740587317045,-51.20166928331117
,349.4146098595441,-66.05150894878801,-104.9776830550394
,183.46775090664974,-186.81057123513938,208.02306738154024
,179.32003452112718,-191.3798200679643,208.34698644549138
,146.07002367037632,-216.22892073520117,172.84497677154903
,144.64071803985243,-219.14577027868341,172.54142400239644
,111.23310787152778,-266.11525564530143,88.891517552883
,102.6614157119798,-265.64247725918483,93.4270234271491
,108.04299994514743,354.0000918543979,41.64979648251333
,107.89858512637656,360.43442077430996,42.724919284682514
,98.96519744147956,311.5896832728712,75.27117733285206
,85.68419799033126,311.95388855791674,64.80416001582738
,130.7907890758957,351.83797509259153,86.71944278950987
,281.5379756388626,92.9999528317123,-147.77323675334654
,274.48834102512916,109.69474171765148,-145.51657077370356
,289.5895880883643,108.45297406191916,-135.6231689111368
,303.82438456086953,77.061277260803,-131.21404053859894
,348.7336330671089,30.14033960903768,-149.8090936213414
,356.9776292653669,35.50842965301744,-150.6925895984533
,118.71984186069152,-322.1332684843422,-39.7037566931983
,161.31069039619345,-339.0515888259584,-50.49196473219015
,353.7174737347192,-72.57846100677544,-104.60888562034214
,144.22184262906165,-222.75998248105037,172.20661930913178
,145.07950709880717,-221.1874034481805,169.5417887092009
,148.0957066688383,-224.46084046029765,181.3081862335635
,117.96218508847376,-270.74266841043607,88.65765105654937
,108.8319749606664,-281.76204920351796,103.71025764571581
,111.02916734631778,-292.4200791800185,99.36579651973136
,106.53855312230338,360.99117830123663,41.41739931912483
,109.14077211996505,360.63947087401715,42.93601635561072
,92.49265896423492,312.4761056795302,79.6980713748689
,118.22633990997917,339.621183379591,81.09191351875431
,86.03894976428926,321.6772377691995,64.74986084778953
,130.44297055688708,358.48394909083805,88.17211090709246
,288.4291979421557,86.21807650946891,-144.89272594019437
,280.0401654812544,113.1089749618779,-146.34114013950094
,314.01281992068533,129.04279465702294,-170.18385192205756
,300.4591249920845,109.12063378184797,-139.17297604995488
,311.26225194012454,127.3552293096527,-149.24544359802343
,305.6504448673673,77.21726892915314,-134.09803145581924
,112.75496962165603,-326.01533366890726,-39.73496397102767
,123.9710604444328,-319.9331148399675,-41.407849647917516
,367.512246212013,-78.82696532329969,-106.92771842807481
,143.82896204746604,-228.36424012360615,169.60739892471213
,163.82063687150776,-263.6018234819546,196.4603213982924
,147.46687759423614,-229.17748586102914,182.2166899503563
,118.98992279237952,-270.3079108406927,88.61083630414083
,110.02691428080847,365.9242103724632,40.176078048277674
,112.10843481699628,365.7405942654034,41.134863681709675
,111.40500471680276,371.2820043464863,46.72474867677076
,92.64919810890649,315.8065795616728,81.25812522922857
,92.190580640602,317.85215694548435,82.07093294872624
,119.67408770212245,342.4054861411442,80.69319170599385
,94.34009087094007,344.96594263620545,70.00944422605468
,89.37976993978562,345.6068362005315,68.11399429176105
,287.2914755725135,82.70362172879041,-150.84476010430458
,283.82152562964626,117.95742078403102,-147.66198359876935
,327.3174525618695,133.7938023535729,-179.29847604845267
,306.11039278788945,111.81552550984735,-137.02612312210536
,302.2113080417317,107.76318911578431,-144.1133601101794
,309.5191878586828,82.07512845646266,-132.4698709629959
,308.77971210195966,74.0361538313108,-139.6736185490531
,113.29759342307523,-331.2308756224896,-34.20498440608964
,121.59954256703563,-321.7744273991095,-39.62097701073698
,369.2026389729531,-78.1098964207318,-106.2041815036994
,115.78982866852215,390.5302710918474,41.10641803388899
,114.71103777012851,378.1578649368418,40.49112690293329
,113.66301162596824,365.1525829349733,42.081723169001414
,100.08494599136628,337.4137827467484,90.67046979543527
,101.37300756300971,350.6734711863454,86.56780242805583
,99.27256833445647,322.70747989450797,88.39157756113383
,118.95453104686995,344.81533707019247,78.38177276638815
,93.44321030190687,345.4145490966341,68.99298751399772
,90.93871510431994,348.70774766813133,66.83270089687063
,291.965968477968,74.65404519900689,-150.90066809514073
,286.0778827318948,90.43810999141068,-155.37756011301866
,290.73864082743574,123.79068442263949,-147.27237206692214
,307.1240603545456,116.70599470586657,-138.7231098910421
,305.95700309159133,105.94562774980227,-144.623611615444
,315.7246602343768,80.97497716453303,-144.68481392821846
,113.30016999217223,-335.88669486984253,-36.93289202306076
,122.99896731376073,-325.59023274382514,-33.28147840436483
,120.62161097464704,-322.33190396612815,-45.642890668252605
,117.23255772030437,373.85403253707966,40.97623151994026
,116.45066206592448,374.58777819891566,45.69947985368967
,111.25725768929108,360.38183623562105,97.90686384088825
,100.2955085986953,359.30772158007187,87.90322390144438
,114.00282881786896,360.1962788457928,103.21118411437344
,105.19717708716122,343.9657280586308,92.08027560910095
,98.22605664011631,353.8332521553938,68.43546171620498
,291.8891671171029,68.87433390470527,-153.77062493948608
,293.98601513198,77.24852369872174,-148.13288619368555
,286.5997594950843,90.03092469617735,-155.07031273840676
,297.53957341308984,130.36982115027214,-153.15217288578938
,306.0814205904637,118.45528825999496,-139.5424219345342
,117.97950345759004,-338.02803140635615,-38.164821906226344
,111.98028077506075,-345.8142624516527,-37.939024922373065
,127.42368167361931,-328.98200749030957,-35.241639863172885
,121.55157637345042,387.6977641080138,41.37564264052255
,121.70417941952167,383.9509243911882,47.07793405601963
,118.05151233509947,387.51487407166945,48.08669494635679
,100.10265781105929,365.3039491540367,89.65091439923697
,114.54070666045583,368.74729375490716,106.35391956033196
,119.36334297595916,366.1689411706674,106.1051532280346
,103.23752947600072,350.5726271495386,91.50537002758324
,100.07178473838133,372.2167462139441,71.13174660297192
,107.9063790463737,373.05606512220976,72.07895669079778
,297.2834416088878,63.64717130067672,-151.32951565453374
,302.67022461925086,75.70296343908979,-166.22355128178754
,307.5053881723721,75.64080739658054,-147.3525546888019
,291.65791803963276,82.40540562253139,-152.84882491037055
,287.99936313436143,89.69118077548018,-152.86816988577095
,291.97454452968014,92.2773871615916,-160.76368616462548
,333.75326483691913,147.37520357002305,-170.88992539815735
,112.06625128102786,-346.17579111142027,-34.204297708070094
,133.49487417138442,-337.196756207813,-38.64400974961812
,115.56451506210095,370.1313114855694,107.35235072878571
,109.5820409342473,368.27720722107154,95.82446533821806
,301.9404116125703,56.5749655984821,-148.46725384631034
,303.04746135474113,75.26217726530444,-165.73567324203177
,292.04112992226646,83.64811676505776,-151.43555164786548
,288.79581640693726,87.18458379656414,-152.81571651172874
,334.69608714679174,147.58259185475148,-171.7575092675427
,114.28388308114201,-359.1825389484363,-36.143685730060795
,117.18290879868908,370.7098745316624,108.02065216895329
,301.6827412945656,52.042713380293236,-150.63314360032268
,308.98527238036115,59.2141976164295,-147.5249451219658
,302.87150144892564,91.53228330442151,-167.17825726216665
,299.79583942839815,89.26862294374286,-151.72583934634397
,114.46611474723144,-362.64784849942987,-38.365571201704384
,318.67170258464074,45.03694782913267,-154.76445107357432
,302.6163415515502,59.926148961048256,-156.36061360439186
,313.919099389097,60.66238072956462,-154.25795033209548
,312.46983488977,92.78829735840687,-172.7305070377272
,116.36295963252397,-365.5811747275962,-38.49628751389954
,320.2434511404087,41.32931337776256,-158.52973874945295
,310.4662692641225,65.74931728731536,-162.94609164635247
,302.89025865838977,58.93391919535756,-156.20729614271218
,118.31526691896913,-365.76335961639495,-39.52226991367879
,326.8459088871463,41.69835831732802,-160.8659348025661
,321.66444481220884,40.41229849903676,-161.3718207166997
,315.7353325154485,64.67535675354023,-162.18692573195435
,314.12975496374355,70.44931753213721,-169.47786262735636
,304.2637483594567,55.19180203337754,-162.34934156204838
,328.64323475643516,37.52076626409157,-160.05053432880203
,333.0691884482133,36.68589848822412,-164.6482435820763
,315.34850362134387,49.81131176880787,-167.88552163076733
,324.1102003256569,64.73385417350278,-175.75160369014904
,344.63222822038193,40.40435601024071,-164.6418310786456
,332.33997835558483,35.145568978615756,-164.274728082529
,334.1715204013735,33.887878720925904,-166.35574084767228
,315.352951605686,51.19533282629743,-167.5170157742631
,317.5630123107376,45.81196729185397,-169.3203759814539
,324.64588638048906,64.85754091440504,-174.75058110563134
,344.539051835004,39.31707242059116,-165.0994452764376
,340.1922680653735,36.119326362431956,-172.22842671926762
,314.83053097318674,52.931474513656944,-170.67898381219516
,327.1322579363578,51.79248541236228,-170.0871836562259
,348.0827790978811,46.76415504333701,-184.0744247651664
,354.9821589204704,70.2967249193605,-193.28667773453662
,352.48066411092253,37.272578118968205,-168.36337477154856
,340.94467475427376,34.81104601098891,-172.08422949862367
,347.2958284155566,54.471597639939056,-182.32275945938568
,356.92643510450694,36.877787016396084,-171.49984068263745
,340.65579919310693,34.18290566717661,-172.78083703370052
,350.30965722067026,33.74637523361471,-176.88397068823463
